证券名称,公司网站
浦发银行,www.spdb.com.cn
白云机场,www.baiyunport.com
东风汽车,www.dfac.com
中国国贸,www.cwtc.com
首创股份,www.capitalwater.cn
上海机场,www.shairport.com
包钢股份,www.baoganggf.com
华能国际,www.hpi.com.cn
皖通高速,www.anhui-expressway.net
华夏银行,www.hxb.com.cn
民生银行,www.cmbc.com.cn
日照港,www.rzpcl.com
上港集团,www.portshanghai.com.cn
宝钢股份,www.baosteel.com
中原高速,www.zygs.com
上海电力,www.shanghaipower.com
山东钢铁,www.sdsteel.cc
浙能电力,www.zzepc.com.cn
华能水电,www.hnlcj.cn
中远海能,energy.coscoshipping.com
华电国际,www.hdpi.com.cn
中国石化,www.sinopec.com
南方航空,www.csair.com
中信证券,www.citics.com
三一重工,www.sanyhi.com
福建高速,www.fjgs.com.cn
楚天高速,www.hbctgs.com
招商银行,www.cmbchina.com
歌华有线,www.bgctv.com.cn
四川路桥,www.scrbc.com.cn
保利地产,www.polycn.com
中国联通,www.chinaunicom-a.com
宁波联合,www.nug.com.cn
浙江广厦,www.gsgf.com
九鼎投资,www.jdcapital.com
黄山旅游,www.hstd.com
万东医疗,www.wandong.com.cn
中国医药,www.meheco.com
厦门象屿,www.xiangyu.cn
五矿发展,www.minlist.com.cn
古越龙山,www.shaoxingwine.com.cn
海信视像,visual.hisense.com
国投资本,www.sdiccapital.com
华润双鹤,www.dcpc.com
皖维高新,www.wwgf.com.cn
南京高科,www.600064.com
宇通客车,www.yutong.com
冠城大通,www.gcdt.net
葛洲坝,www.cggc.cn
浙江富润,www.furun.net
凤凰光学,www.phenixoptics.com.cn
中船科技,www.cssckj.com
上海梅林,www.shanghaimaling.com
新疆天业,www.xj-tianye.com
康欣新材,www.hbkangxin.com.cn
宋都股份,www.songdu.com
澄星股份,www.phosphatechina.com
人福医药,www.humanwell.com.cn
ST金花,www.ginwa.com.cn
东风科技,www.detc.com.cn
海泰发展,www.hitech-develop.com
*ST博信,www.toppers.com.cn
ST中葡,www.guoanwine.com
同仁堂,gf.tongrentang.com
*ST金钰,www.goldjade.cn
中视传媒,www.ctv-media.com.cn
特变电工,www.tbea.com
*ST济堂,www.cnready.com
ST明科,www.tomotech.com
易见股份,www.easy-visible.com
大名城,www.greattown.cn
湘财股份,www.hgk-group.com
云天化,www.yyth.com.cn
开创国际,www.skmic.sh.cn
广州发展,www.gdg.com.cn
林海股份,www.linhai.cn
同方股份,www.thtf.com.cn
明星电力,www.mxdl.com.cn
青山纸业,www.qingshanpaper.com
上汽集团,www.saicmotor.com
永鼎股份,www.yongding.com.cn
重庆路桥,www.cqrb.com.cn
美尔雅,www.mailyard.com.cn
亚盛集团,www.yasheng.com.cn
国金证券,www.gjzq.com.cn
诺德股份,www.ndgf.net
北方稀土,www.reht.com
ST天成,www.tckg.cn
浙江东日,www.dongri.com
东睦股份,www.pm-china.com
东方航空,www.ceair.com
三峡水利,www.cqsxsl.com
西宁特钢,www.xntg.com
中国卫星,www.spacesat.com.cn
ST长投,www.cjtz.cn
浙江东方,www.zjorient.com
郑州煤电,www.zzce.com.cn
*ST宏图,www.hiteker.com.cn
兰花科创,www.chinalanhua.com
铁龙物流,www.chinacrt.com
杭钢股份,www.hzsteel.com
金健米业,www.jjmy.cn
弘业股份,www.artall.com.cn
太极集团,www.taiji.com
波导股份,www.chinabird.com
国网信通,www.sgitc.com
重庆啤酒,www.chongqingbeer.com
东湖高新,www.elht.com
乐凯胶片,gufen.luckyfilm.com.cn
当代文体,www.ddmcgroup.cn
浪莎股份,www.langshastock.com
中青旅,www.aoyou.com
西部资源,www.scxbzy.com
兴发集团,www.xingfagroup.com
金发科技,www.kingfa.com
*ST环球,www.600146.net
长春一东,www.ccyd.com.cn
中国船舶,csscholdings.cssc.net.cn
航天机电,www.ht-saae.com
维科技术,www.veken-tech.com
建发股份,www.chinacnd.com
*ST永泰,www.wtecl.com
中体产业,www.csig158.com
大龙地产,www.dldc.com.cn
巨化股份,www.jhgf.com.cn
天坛生物,www.tiantanbio.com
香江控股,www.hkhc.com.cn
中闽能源,www.zhongminenergy.com
新日恒力,www.xinrihengli.com
福田汽车,www.foton.com.cn
武汉控股,www.600168.com.cn
太原重工,www.tyhi.com.cn
上海建工,www.scg.com.cn
上海贝岭,www.belling.com.cn
黄河旋风,www.hhxf.com
卧龙地产,www.wolong-re.com
中国巨石,www.jushi.com
雅戈尔,www.youngor.com
东安动力,www.daae.com.cn
*ST安通,www.antong56.com
瑞茂通,www.ccsoln.com
S佳通,www.gititirecorp.com
生益科技,www.syst.com.cn
光电股份,www.sicong.com
格力地产,www.greedc.com
莲花健康,www.mylotushealth.com
国中水务,www.interchinawater.com
兖州煤业,www.yanzhoucoal.com.cn
泉阳泉,www.jlsg.com.cn
锦州港,www.jinzhouport.com
华资实业,www.huazi.com
长城电工,www.chinagwe.com
中牧股份,www.cahic.com
复星医药,www.fosunpharma.com
伊力特,www.xjyilite.com
大唐电信,www.datang.com
金种子酒,www.jzz.cn
江苏吴中,www.600200.com
生物股份,www.jinyu.com.cn
哈空调,www.hac.com.cn
福日电子,www.furielec.com
有研新材,www.griam.cn
安彩高科,www.acht.com.cn
新湖中宝,www.600208.net
ST罗顿,www.lawtonfz.com.cn
紫江企业,www.zijiangqy.com
西藏药业,www.xzyy.cn
亚星客车,www.asiastarbus.com
*ST经开,www.ccjk600215.com
浙江医药,www.china-zmc.com
中再资环,www.zhongzaizihuan.com
全柴动力,www.quanchai.com.cn
南山铝业,www.600219.com.cn
江苏阳光,www.sunshine.com.cn
海航控股,www.hnair.com
太龙药业,www.taloph.com
鲁商发展,www.lshzy.com.cn
*ST松江,www.tjsjgf.com.cn
*ST瀚叶,www.hugeleafgroup.com
圣济堂,www.gzsjt.com
ST昌九,www.600228.net
城市传媒,www.citymedia.cn
沧州大化,www.czdh.chemchina.com
凌钢股份,www.lggf.com.cn
金鹰股份,www.cn-goldeneagle.com
圆通速递,www.yto.net.cn
民丰特纸,www.mfspchina.com
桂冠电力,www.cdt-gxi.com
铜峰电子,www.tong-feng.com
ST椰岛,www.yedao.com
云南城投,www.ynctzy.com
*ST时万,www.shidaiwanheng.com
*ST中昌,www.zhongchangdata.com
*ST海华,www.qhhdsy.com
万通发展,www.vantone.com
延长化建,www.ycpcec.com
两面针,www.lmz.com.cn
南纺股份,www.nantex.com.cn
冠农股份,www.gngf.cn
中恒集团,www.wz-zhongheng.com
*ST梦舟,www.ahxinke.com
广汇能源,www.xjguanghui.com
大湖股份,www.dhszgf.com
首旅酒店,www.bthhotels.com
广晟有色,www.gsysgf.com
凯乐科技,www.cnkaile.com
阳光照明,www.yankon.com
北方股份,www.chinanhl.com
ST景谷,www.jgly.cn
城建发展,www.bucid.com
海正药业,www.hisunpharm.com
国电南自,www.sac-china.com
赣粤高速,www.600269.cn
航天信息,www.aisino.com
开开实业,www.chinesekk.com
嘉化能源,www.jhec.com.cn
ST昌鱼,www.wuchangyu.com.cn
恒瑞医药,www.hrs.com.cn
亿利洁能,www.elion.cn
东方创业,www.oie.com.cn
重庆港九,www.cqgj.com.cn
*ST中商,www.njzsgroup.com
太化股份,www.th600281.cn
南钢股份,www.600282.net
钱江水利,www.qjwater.com.cn
浦东建设,www.pdjs.com.cn
羚锐制药,www.lingrui.com
江苏舜天,www.saintycorp.com
大恒科技,www.dhxjy.com.cn
*ST信通,www.boco.com.cn:8080/bocoit/index.asp
*ST华仪,www.heag.com
远达环保,www.zdydep.com
三峡新材,www.sxxc.com.cn
鄂尔多斯,www.chinaerdos.com
广汇汽车,www.chinagrandauto.com
安琪酵母,www.angelyeast.com
安迪苏,www.bluestar-adisseo.com
维维股份,www.vvgroup.com
ST南化,www.nh.com.cn
标准股份,www.chinatypical.com
曙光股份,www.sgautomotive.com
恒顺醋业,www.zjhengshun.com
*ST商城,www.sysyc.cn
酒钢宏兴,www.jisco.cn/structure/hongxinggufen.htm
华泰股份,www.huataipaper.com
万华化学,www.whchem.com
桂东电力,www.gdep.com.cn
*ST荣华,www.rong-hua.net
平高电气,www.pinggao.com
农发种业,znfzy.com
上海家化,www.jahwa.com.cn
营口港,www.ykplc.com
新力金融,www.xinlijinrong.cn
ST亚星,www.chinayaxing.com
振华重工,www.zpmc.com
正源股份,www.rightwayholdings.com
天房发展,www.tffzgroup.cn
瀚蓝环境,www.grandblue.cn
华发股份,www.cnhuafas.com
西藏天路,www.xztianlu.com
大东方,www.eastall.com
中盐化工,www.lantaicn.com
中新药业,www.zhongxinp.com
天通股份,www.tdgcore.com
宏达股份,www.sichuanhongda.com
白云山,www.gybys.com.cn
长春燃气,www.ccrq.com.cn
国机汽车,www.sinomach-auto.com
澳柯玛,www.aucma.com.cn
美克家居,www.markorfurniture.com
西藏珠峰,www.xizangzhufeng.com
中油工程,www.cpec.com.cn
华夏幸福,www.cfldcn.com
航天动力,www.china-htdl.com
长江通信,www.ycig.com
恒力石化,www.hengliinc.com
阳泉煤业,www.yqmy.cc
山东高速,www.sdecl.com.cn
亚宝药业,www.yabao.com.cn
浙江龙盛,www.longsheng.com
旭光电子,www.xuguang.com.cn
*ST敦种,www.dhseed.com
精伦电子,www.routon.com
恒丰纸业,www.hengfengpaper.com
*ST联合,www.cutc.com.cn
新农开发,www.xnkf.com
华微电子,www.hwdz.com.cn
华联综超,zc.beijing-hualian.com
江西铜业,www.jxcc.com
联创光电,www.lianovation.com.cn
ST通葡,www.tonhwa.com
宁波韵升,www.yunsheng.com
红星发展,www.hxfz.com.cn
西南证券,www.swsc.com.cn
三房巷,www.jssfx.com
万向德农,www.wxdoneed.com
中航电子,www.aviconics.com.cn
中文传媒,www.600373.com.cn
华菱星马,www.camc.cc
首开股份,www.shoukaigufen.com
宁沪高速,www.jsexpressway.com
昊华科技,www.hhkj.chemchina.com
宝光股份,www.baoguang.com.cn
健康元,www.joincare.com
青海春天,www.verygrass.com
广东明珠,www.gdmzh.com
金地集团,www.gemdale.com
ST金泰,www.sdjintai.com.cn
北巴传媒,www.bbcm.com.cn
海越能源,www.hy600387.com
龙净环保,www.longking.com.cn
江山股份,www.jsac.com.cn
五矿资本,www.minfinance.com.cn
航发科技,ast.aecc.cn
盛和资源,www.shengheholding.com
粤泰股份,www.gzytgf.com
盘江股份,www.pjgf.cn
金山股份,www.chd.com.cn
安源煤业,www.jxcgc.com
海澜之家,www.hla.com
ST抚钢,www.fs-ss.com
红豆股份,www.hongdou.com.cn
大有能源,www.hndayou.com.cn
动力源,www.dpc.com.cn
国电南瑞,www.naritech.cn
ST安泰,www.antaigroup.com
三友化工,www.sanyou-chem.com.cn
华胜天成,www.teamsun.com.cn
小商品城,www.cccgroup.com.cn
*ST湘电,www.xemc.com.cn
江淮汽车,www.jac.com.cn
天润乳业,www.xjtrry.com
现代制药,www.shyndec.com
昆药集团,www.kpc.com.cn
ST柳化,www.lzhg.cn
青松建化,www.xjqscc.com
华鲁恒升,www.hl-hengsheng.com
中远海特,spe.coscoshipping.com
三元股份,www.sanyuan.com.cn
冠豪高新,www.guanhao.com
北方导航,www.bfdh.com.cn
片仔癀,www.zzpzh.com
通威股份,www.tongwei.com.cn
瑞贝卡,www.rebecca.com.cn
国机通用,www.guotone.com
金证股份,www.szkingdom.com
华纺股份,www.hfgf.cn
宁夏建材,www.saimasy.com
涪陵电力,www.flepc.com.cn
博通股份,www.butone.com
宝钛股份,www.baoti.com
时代新材,www.trp.com.cn
贵研铂业,www.sino-platinum.com.cn
士兰微,www.silan.com.cn
洪城水业,www.jxhcsy.com
空港股份,www.600463.com.cn
蓝光发展,www.brc.com.cn
好当家,www.sdhaodangjia.com
百利电气,www.benefo.tj.cn
风神股份,www.aeolustyre.com
*ST六化,www.liuguo.com
华光环能,www.wxboiler.com
湘邮科技,www.copote.com
杭萧钢构,www.hxss.com.cn
科力远,www.corun.com
千金药业,www.cnqjyy.com
凌云股份,www.lingyun.com.cn
双良节能,www.shuangliang.com
中国动力,www.china-csicpower.com.cn
福能股份,www.fjec.com.cn
*ST信威,www.xinweigroup.com.cn
扬农化工,www.yangnongchem.com
亨通光电,www.htgd.com.cn
天药股份,www.tjpcty.com
中金黄金,zjgold.chinagoldgroup.com
鹏欣资源,www.pengxinzy.com.cn
龙元建设,www.lycg.com.cn
凤竹纺织,www.fynex.com.cn
晋西车轴,www.jinxiaxle.com
精工钢构,www.600496.com
驰宏锌锗,www.chxz.com
烽火通信,www.fiberhome.com
科达制造,www.kedachina.com.cn
中化国际,www.sinochemintl.com
航天晨光,www.aerosun.cn
安徽建工,www.aceg.com.cn
华丽家族,www.deluxe-family.com
西昌电力,www.scxcdl.com
香梨股份,www.xjxlgf.com.cn
方大特钢,www.fangda-specialsteels.com
上海能源,www.sdtny.com
天富能源,www.tfny.com
黑牡丹,www.blackpeony.com
国药股份,www.cncm.com.cn
腾达建设,www.tengdajs.com
联环药业,www.lhpharma.com
海航基础,www.hnainfrastructure.com
方大炭素,www.fdtsgs.com
国网英大,www.zhixindianqi.com
ST康美,www.kangmei.com.cn
贵州茅台,www.moutaichina.com
文一科技,www.chinatrinity.com
华海药业,www.huahaipharm.com
中天科技,www.chinaztt.com
贵航股份,www.gzghgf.com
长园集团,www.cyg.com
菲达环保,www.feidaep.com
江南高纤,www.jngx.cn
中铁工业,www.crhic.cn
山东药玻,www.pharmglass.com
*ST交昂,www.onlly.com.cn
豫光金铅,www.yggf.com.cn
宏达矿业,www.hdky600532.com
栖霞建设,www.chixia.com
天士力,www.tasly.com
中国软件,www.css.com.cn
亿晶光电,www.egingpv.com
国发股份,www.gofar.com.cn
ST狮头,www.lionhead.com.cn
新赛股份,www.xinsai.com.cn
莫高股份,www.mogao.com
卓郎智能,www.saurer.com
山煤国际,www.smgjny.com
山东黄金,www.sdhjgf.com.cn
深高速,www.sz-expressway.com
厦门钨业,www.cxtc.com
保变电气,www.twbb.com.cn
时代出版,www.press-mart.com
凯盛科技,www.triumphltd.cn
天下秀,www.inmyshow.com
康缘药业,www.kanion.com
大西洋,www.weldatlantic.com
老白干酒,www.hengshuilaobaigan.net
金自天正,www.aritime.com
江西长运,www.jxcy.com.cn
国睿科技,www.glaruntech.com
法拉电子,www.faratronic.com
迪马股份,www.dimaholdings.com
济川药业,www.jumpcan.com
山鹰国际,www.shanyingintl.com
*ST中珠,www.zz600568.com
安阳钢铁,www.aysteel.com.cn
恒生电子,www.hundsun.com
信雅达,www.sunyard.com
康恩贝,www.conbapharm.com
惠泉啤酒,www.hqbeer.com
淮河能源,www.wjwlg.com
祥源文化,www.600576.com
精达股份,www.jingda.cn
京能电力,www.jingnengpower.com
克劳斯,www.kraussmaffei.ltd
卧龙电驱,www.wolong.com.cn
八一钢铁,www.bygt.com.cn
天地科技,www.tdtec.com
海油工程,www.cnoocengineering.com
长电科技,www.jcetglobal.com
海螺水泥,www.conch.cn
金晶科技,www.cnggg.cn
新华医疗,www.shinva.net
用友网络,www.yonyou.com
广东榕泰,www.gdrongtai.cn
泰豪科技,www.tellhow.com
龙溪股份,www.ls.com.cn
大连圣亚,www.sunasia.com
益佰制药,www.gzcci.com
ST中孚,www.zfsy.com.cn
新安股份,www.wynca.com
光明乳业,www.brightdairy.com
北大荒,www.hacl.cn
*ST熊猫,www.600599.com.cn
青岛啤酒,www.tsingtao.com.cn
方正科技,www.foundertech.com
云赛智联,www.inesa-it.com
广汇物流,www.chinaghwl.com
市北高新,www.shibeiht.com
汇通能源,www.huitongenergy.com
绿地控股,www.ldjt.com.cn
ST沪科,www.600608.net
ST毅达,www.shanghaizhongyida.com
大众交通,www.96822.com
老凤祥,www.laofengxiang.com
神奇制药,www.gzsq.com
*ST鹏起,www.600614.com
丰华股份,www.fenghwa.sh.cn
金枫酒业,www.jinfengwine.com
国新能源,www.sxgxny.com
氯碱化工,www.scacc.com
海立股份,www.highly.cc
天宸股份,www.shstc.com
华鑫股份,www.shchinafortune.com
光大嘉宝,www.ebjb.com
华谊集团,www.doublecoinholdings.com
复旦复华,www.forwardgroup.com
申达股份,www.sh-shenda.com
新世界,www.newworld-china.com
华建集团,www.arcplus.com.cn
龙头股份,www.shanghaidragon.com.cn
浙数文化,www.600633.cn
*ST富控,ifukong.cn
大众公用,www.dzug.cn
国新文化,www.crhc-culture.com
东方明珠,www.opg.cn
新黄浦,www.600638.com
浦东金桥,www.shpdjq.com
号百控股,www.besttoneh.com
万业企业,www.600641.com.cn
申能股份,www.shenergy.net.cn
爱建集团,www.aj.com.cn
乐山电力,www.lsep.com.cn
中源协和,www.vcanbio.com
同达创业,www.shtdcy.com
外高桥,www.china-ftz.com
城投控股,www.sh600649.com
锦江投资,www.jjtz.com
*ST飞乐,www.facs.com.cn
ST游久,www.u9game.com.cn
申华控股,www.shkg.com.cn
ST中安,www.600654.com
豫园股份,www.yuyuantm.com.cn
信达地产,www.cindare.com
电子城,www.bez.com.cn
福耀玻璃,www.fuyaogroup.com
昂立教育,www.onlyedu.com
强生控股,www.62580000.com.cn
陆家嘴,www.ljz.com.cn
哈药股份,www.hayao.com
天地源,www.tande.cn
ST瑞德,www.aurora-sapphire.cn
太极实业,www.wxtj.com
尖峰集团,www.jianfeng.com.cn
*ST目药,www.hztmyy.com
东阳光,www.hec-al.com
川投能源,www.scte.com.cn
中华企业,www.cecl.com.cn
交运股份,www.cnsjy.com
*ST航通,www.aerocom.cn
四川金顶,www.scjd.cn
上海凤凰,www.phoenix.com.cn
百川能源,www.bestsungas.com
南京新百,www.cenbest.com
京投发展,www.600683.com
珠江实业,www.gzzjsy.com
中船防务,comec.cssc.net.cn
金龙汽车,www.xmklm.com.cn
*ST刚泰,www.gangtaikonggu.com.cn
上海石化,www.spc.com.cn
上海三毛,www.600689.com
海尔智家,www.haier.net
阳煤化工,www.ymhg.com.cn
亚通股份,www.shanghaiyatong.com
东百集团,www.dongbai.com
大商股份,www.dashanggufen.com
绿庭投资,www.greencourtinvestment.com
ST岩石,www.sh600696.com
欧亚集团,www.eurasiagroup.com.cn
ST天雁,www.tyen.com.cn
均胜电子,www.joyson.cn
ST舍得,www.tuopaishede.cn
三安光电,www.sanan-e.com
物产中大,www.wzgroup.cn
中航资本,www.aviccapital.com
曲江文旅,www.qjtourism.com
彩虹股份,www.chgf.com.cn
光明地产,www.bre600708.com
苏美达,www.sumec.com
盛屯矿业,www.600711.com
南宁百货,www.nnbh.cn
南京医药,www.njyy.com
凤凰股份,www.fhzy.cn
天津港,www.tianjin-port.com
东软集团,www.neusoft.com
大连热电,www.dlrd.com
祁连山,www.qlssn.com
ST百花,www.xjbhc.net
金牛化工,www.hbjnhg.com
首商股份,www.ssgf.com.cn
宁波富达,www.fuda.com
ST云维,www.ywgf.cn
华电能源,www.hdenergy.com
鲁北化工,www.lubeichem.com
佳都科技,www.pcitech.com
重庆百货,www.e-cbest.com
中国高科,www.chinahitech.com.cn
湖南海利,www.hnhlc.com
爱旭股份,www.aikosolar.com
北汽蓝谷,www.bjev.com.cn
*ST实达,www.start.com.cn
新华锦,www.hikinginternational.com
苏州高新,www.sndnt.com
中粮糖业,www.cofcosugar.com
兰州民百,www.lzminbai.com.cn
辽宁成大,www.chengda.com.cn
山西焦化,www.sxjh.com.cn
华域汽车,www.hasco-group.com
一汽富维,www.fawfw.com.cn
华远地产,www.hy-online.com
华银电力,www.hypower.com.cn
闻泰科技,www.wingtech.com
江苏索普,www.sopo.com.cn
上实发展,www.sidlgroup.com
西藏旅游,www.600749.com
江中药业,www.jzjt.com
海航科技,www.hna-tic.com
东方银星,www.orienstar.com
锦江酒店,www.jinjianghotels.sh.cn
厦门国贸,www.itg.com.cn
浪潮软件,www.inspur.com
长江传媒,www.600757.com.cn
洲际油气,www.geojade.com
中航沈飞,www.sac.avic.com
安徽合力,www.helichina.com
通策医疗,www.tcmedical.com.cn
中国海防,www.cmie.csic.com.cn
中航重机,www.hm.avic.com
园城黄金,www.ytycgf.com
ST运盛,www.winsan.cn
宁波富邦,www.600768.com.cn
祥龙电业,www.whghjt.com
综艺股份,www.600770.com
广誉远,www.guangyuyuan.com
西藏城投,www.600773sh.com
汉商集团,www.whhsg.com
南京熊猫,www.panda.cn
东方通信,www.eastcom.com
新潮能源,www.xinchaoenergy.com
友好集团,www.xjyh.com.cn
水井坊,www.swellfun.com
通宝能源,www.600780.com.cn
*ST辅仁,www.shfuren.cn
新钢股份,www.xinsteel.com.cn
鲁信创投,www.600783.cn
鲁银投资,www.luyin.cn
新华百货,www.xhbh.com.cn
中储股份,www.cmstd.com.cn
鲁抗医药,www.lkpc.com
轻纺城,www.qfcgroup.com
京能置业,www.beh-zy.com
云煤能源,www.ymnygf.com
宜宾纸业,www.yb-zy.com
保税科技,www.zftc.net
国电电力,www.600795.com.cn
钱江生化,www.600796.com
浙大网新,www.insigma.com.cn
宁波海运,www.nbmc.com.cn
天津磁卡,www.gmcc.com.cn
华新水泥,www.huaxincem.com
福建水泥,www.fjcement.com
新奥股份,www.enn-ec.com.cn
鹏博士,www.drpeng.com.cn
悦达投资,www.yuedainvest.com
济南高新,www.jngxfz.com
马钢股份,www.magang.com.cn
山西汾酒,www.fenjiu.com.cn
神马股份,www.shenma.com
东方集团,www.china-orient.com
华北制药,www.ncpc.cn
杭州解百,www.jiebai.com
*ST厦工,www.xgma.com.cn
*ST安信,www.anxintrust.com
中路股份,www.600818.cn
耀皮玻璃,www.sypglass.com
隧道股份,www.stec.net
*ST劝业,www.qyc.com.cn
上海物贸,www.600822sh.com
世茂股份,www.shimaoco.com
益民集团,www.yimingroup.com
新华传媒,www.xhmedia.com
兰生股份,www.lansheng.com
百联股份,www.bailian.sh.cn
茂业商业,www.cpds.cn
人民同泰,www.hyrmtt.com.cn
香溢融通,www.sunnyloantop.cn
广电网络,www.600831.com
第一医药,www.shdyyy.com.cn
申通地铁,www.shtmetro.com
上海机电,www.chinasec.cn
*ST界龙,www.jielongcorp.com
海通证券,www.htsec.com
上海九百,www.shjb600838.com
四川长虹,www.changhong.com
上柴股份,www.sdec.com.cn
上工申贝,www.sgsbgroup.com
丹化科技,www.600844.com
宝信软件,www.baosight.com
同济科技,www.tjkjsy.com.cn
万里股份,www.cqwanli.com
上海临港,www.lingangholding.com
华东电脑,www.shecc.com
海欣股份,www.haixin.com
龙建股份,www.longjianlq.com
春兰股份,www.chunlan.com
航天长峰,www.ascf.com.cn
*ST中天,www.snencn.cn
宁波中百,www.600857.com.cn
银座股份,www.inzonegroup.cn
王府井,www.wfj.com.cn
*ST京城,www.jingchenggf.com.cn
北京城乡,www.bjcx.cn
中航高科,www.avicht.com.cn
内蒙华电,www.nmhdwz.com
百大集团,www.baidagroup.com
星湖科技,www.starlake.com.cn
通化东宝,www.thdb.com
梅雁吉祥,www.chinameiyan.com
智慧能源,www.600869.com
石化油服,ssc.sinopec.com
中炬高新,www.jonjee.com
梅花生物,www.meihuagrp.com
创业环保,www.tjcep.com
东方电气,www.dec-ltd.cn
洛阳玻璃,www.zhglb.com
航天电子,www.catec-ltd.cn
博瑞传播,www.b-raymedia.com
亚泰集团,www.yatai.com
妙可蓝多,www.groundmilk.com
博闻科技,www.ynbowin.com
杉杉股份,www.ssgf.net
宏发股份,www.hongfa.com
国投电力,www.sdicpower.com
伊利股份,www.yili.com
新疆众和,www.joinworld.com
南京化纤,www.ncfc.cn
中房股份,www.credholding.com
*ST秋林,www.qlgroup.com.cn
*ST大晟,www.600892.com.cn
航发动力,hfdl.aecc.cn
广日股份,www.guangrigf.com
张江高科,www.600895.cn
览海医疗,www.lanhaimedical.com
厦门空港,www.xiamenairport.com.cn
*ST美讯,www.gomecomm.com.cn
长江电力,www.cypc.com.cn
江苏租赁,www.jsleasing.cn
贵州燃气,www.guizhougas.com
无锡银行,www.wrcb.com.cn
华安证券,www.hazq.com
重庆燃气,www.cqgas.cn
中泰证券,www.zts.com.cn
江苏银行,www.jsbchina.cn
杭州银行,www.hzbank.com.cn
西安银行,www.xacbank.com
雪天盐业,www.snowskysalt.com.cn
爱柯迪,www.ikd-china.com
广西广电,www.96335.com
重庆建工,www.ccegc.cn
新天绿能,www.suntien.com
东方证券,www.dfzq.com.cn
江苏有线,www.jscnnet.com
渤海汽车,www.bhpiston.com
株冶集团,www.torchcn.com
国投中鲁,www.sdiczl.com
岳阳林纸,www.yypaper.com
福成股份,www.fucheng.net
博汇纸业,www.bohui.net
内蒙一机,yjjt.norincogroup.com.cn
海油发展,cenertech.cnooc.com.cn
郴电国际,www.chinacdi.com
中材国际,www.sinoma.com.cn
恒源煤电,www.ahhymd.com.cn
宝胜股份,www.baoshengcable.com
新五丰,www.newwf.com
健民集团,www.whjm.com
中国电影,www.zgdygf.com
*ST宜生,www.yihualife.com
广安爱众,www.sc-aaa.com
北矿科技,www.bgrimmtec.com
汇鸿集团,www.highhope.com
宁波热电,www.nbtp.com.cn
惠而浦,www.whirlpool.com.cn
建设机械,www.scmc-xa.com
淮北矿业,www.hbkykg.com
科达股份,www.kdgdigital.com
航民股份,www.hmgf.com
赤峰黄金,www.600988.com.cn
宝丰能源,www.baofengenergy.com
四创电子,www.sun-create.com
贵绳股份,www.gzgsgf.com.cn
马应龙,www.mayinglong.cn
文山电力,www.wsdl.com.cn
贵广网络,www.gzgdwl.com
开滦股份,www.kkcc.com.cn
九州通,www.jztey.com
招商证券,www.cmschina.com
唐山港,www.jtport.com.cn
大同煤业,www.dtmy.com.cn
晋亿实业,www.gem-year.com
柳钢股份,www.liusteel.com
重庆钢铁,www.cqgt.cn
大秦铁路,www.daqintielu.com
金陵饭店,www.jinlinghotel.com
连云港,www.jlpcl.com
南京银行,www.njcb.com.cn
文峰股份,www.wfdsj.cn
宝泰隆,www.btlgf.com
隆基股份,www.longigroup.com
陕西黑猫,www.heimaocoking.com
节能风电,www.cecwpc.cn
宁波港,www.nbport.com.cn
山东出版,www.sdcbcm.com
华钰矿业,www.huayumining.com
春秋航空,www.ch.com
一拖股份,www.first-tractor.com.cn
赛轮轮胎,www.sailungroup.com
中信建投,www.csc108.com
中铝国际,www.chalieco.com.cn
西部黄金,wrgold.cn
渝农商行,www.cqrcb.com
国芳集团,www.guofanggroup.com
中国神华,www.csec.com
中南传媒,www.zncmjt.com
太平洋,www.tpyzq.com
恒立液压,www.henglihydraulic.com
昊华能源,www.bjhhny.com
中国一重,www.cfhi.com
四川成渝,www.cygs.com
财通证券,www.ctsec.com
中国国航,www.airchina.com.cn
ST华鼎,www.hdnylon.com
三江购物,home.sanjiang.com
中国化学,www.cncec.com.cn
海南橡胶,www.hirub.cn
四方股份,www.sf-auto.com
小康股份,www.sokon.com
常熟银行,www.csrcbank.com
博威合金,www.pwalloy.com
工业富联,www.fii-foxconn.com
深圳燃气,www.szgas.com.cn
新城控股,www.seazen.com.cn
重庆水务,www.cncqsw.com
天风证券,www.tfzq.com
三角轮胎,www.triangle.com.cn
兴业银行,www.cib.com.cn
西部矿业,www.westmining.com
北京银行,www.bankofbeijing.com.cn
杭齿前进,www.chinaadvance.com
中国西电,www.xdect.com.cn
中国铁建,www.crcc.cn
厦门银行,www.xmbankonline.com
龙江交通,www.hljjt.com
东兴证券,www.dxzq.net
江南水务,www.jsjnsw.com
上海环境,www.smi-envir.com
东材科技,www.emtco.cn
国泰君安,www.gtja.com
白银有色,www.bynmc.com
君正集团,www.junzhenggroup.com
吉鑫科技,www.sinojit.com
林洋能源,www.linyang.com.cn
陕西煤业,www.shxcoal.com
华电重工,www.hhi.com.cn
广州港,www.gzport.com
上海银行,www.bosc.cn
环旭电子,www.usiglobal.com
桐昆股份,www.zjtkgf.com
红塔证券,www.hongtastock.com
广汽集团,www.gac.com.cn
ST庞大,www.pdqmjt.com
农业银行,www.abchina.com
青岛港,www.qingdao-port.com
骆驼股份,www.chinacamel.com
中国平安,www.pingan.com
中国人保,www.picc.com
秦港股份,www.portqhd.com
交通银行,www.bankcomm.com
绿色动力,www.dynagreen.com.cn
广深铁路,www.gsrc.com
新华保险,www.newchinalife.com
百隆东方,www.bros.com.cn
三六零,www.360.cn
利群股份,www.liquncommercialgroup.com
绿城水务,www.gxlcwater.com
陕鼓动力,www.shaangu.com
中原证券,www.ccnew.com
兴业证券,www.xyzq.com.cn
怡球资源,www.yechiu.com
中国中铁,www.crec.cn
工商银行,www.icbc.com.cn
ST国重装,www.sinomach-he.cn
国联证券,www.glsc.com.cn
通用股份,www.ty-tyre.com
中新集团,www.cssd.com.cn
东风股份,www.dfp.com.cn
吉林高速,www.jlgsgl.com
大智慧,www.gw.com.cn
东吴证券,www.dwzq.com.cn
九牧王,www.joeone.cn
三星医疗,www.sanxing.com
北元集团,www.sxbychem.com
长沙银行,www.bankofchangsha.com
会稽山,www.kuaijishanwine.com
北辰实业,www.beijingns.com.cn
上海电影,www.sh-sfc.com
中国外运,www.sinotrans.com
鹿港文化,www.lugangwool.com
中国铝业,www.chalco.com.cn
中国太保,www.cpic.com.cn
长城军工,www.ahccjg.com.cn
上海医药,www.sphchina.com
中信重工,www.citichmc.com
金田铜业,www.jtgroup.com.cn
中国核建,www.cnecc.com
明阳智能,www.mywind.com.cn
广电电气,www.sgeg.cn
中国中冶,www.mccchina.com
嘉泽新能,www.jzne.net.cn
中国人寿,www.e-chinalife.com
长城汽车,www.gwm.com.cn
旗滨集团,www.kibing-glass.com
邮储银行,www.psbc.com
平煤股份,www.pmta.com.cn
中国建筑,www.cscec.com
中国电建,www.powerchina.cn
明泰铝业,www.hngymt.com
滨化股份,www.befar.com
华泰证券,www.htsc.com.cn
拓普集团,www.tuopu.com
中银证券,www.bocichina.com
中国卫通,www.chinasatcom.com
潞安环能,www.luanhn.com
风范股份,www.cstower.cn
华峰铝业,www.huafonal.com
郑煤机,www.zmj.com
际华集团,www.jihuachina.com
上海电气,www.shanghai-electric.com
中国中车,www.crrcgc.cc
*ST力帆,www.lifan.com
晶科科技,cn.jinkopower.com
光大证券,www.ebscn.com
宁波建工,www.jiangong.com.cn
蓝科高新,www.lanpec.com
星宇股份,www.xyl.cn
中国交建,www.ccccltd.cn
皖新传媒,www.wxm.com
中海油服,www.cosl.com.cn
新华文轩,www.winshare.com.cn
京沪高铁,www.cr-jh.cn
光大银行,www.cebbank.com
三峰环境,www.cseg.cn
美凯龙,www.chinaredstar.com
成都银行,www.bocd.com.cn
中国石油,www.petrochina.com.cn
中国科传,www.cspm.com.cn
紫金银行,www.zjrcbank.com
福莱特,www.flatgroup.com.cn
中远海发,development.coscoshipping.com
长飞光纤,www.yofc.com
招商轮船,www.cmenergyshipping.com
正泰电器,www.chint.net
浙商证券,www.stocke.com.cn
大连港,www.dlport.cn
中国银河,www.chinastock.com.cn
海天精工,www.haitianprecision.com
江河集团,www.jangho.com
中国中免,www.ctgdutyfree.com.cn
亚星锚链,www.asac.cn
中煤能源,www.chinacoalenergy.com
紫金矿业,www.zjky.cn
南方传媒,www.nfcb.com.cn
方正证券,www.foundersc.com
京运通,www.jingyuntong.com
浙商银行,www.czbank.com
新集能源,xinji.chinacoal.com
中远海控,hold.coscoshipping.com
凤凰传媒,www.ppm.cn
吉视传媒,www.jishimedia.com
永辉超市,www.yonghui.com.cn
建设银行,www.ccb.com
中国出版,www.cnpubc.com
苏垦农发,www.skiad.com.cn
金钼股份,www.jdcmoly.com
中国汽研,www.caeri.com.cn
玲珑轮胎,www.linglong.cn
宝钢包装,www.baosteelpackaging.com
海南矿业,www.hnmining.com
招商南油,www.njtc.com.cn
中国核电,www.cnnp.com.cn
中国银行,www.boc.cn
中国重工,www.csicl.com.cn
南京证券,www.njzq.com.cn
大唐发电,www.dtpower.com
金隅集团,www.bbmg.com.cn
中金公司,www.cicc.com
丰林集团,www.fenglingroup.com
贵阳银行,www.bankgy.cn
中信银行,www.citicbank.com
出版传媒,www.nupmg.com
人民网,www.people.cn
奥康国际,www.aokang.com
宏昌电子,www.graceepoxy.com
龙宇燃油,www.lyrysh.com
晶方科技,www.wlcsp.com
联明股份,www.shanghailmjx.com
花王股份,www.flowersking.com
喜临门,www.sleemon.cn
北特科技,www.sh-beite.com
万盛股份,www.ws-chem.com
合锻智能,www.hfpress.com
创力集团,www.shclkj.com
亚普股份,www.yapp.com
弘讯科技,www.techmation.com.cn
新宏泰,www.newhongtai.com
中衡设计,www.artsgroup.cn
华设集团,www.cdg.com.cn
中科曙光,www.sugon.com
爱普股份,www.cnaff.com
山东华鹏,www.huapengglass.com
新通联,www.xtlpacking.com
威帝股份,www.viti.net.cn
大豪科技,www.dahaobj.com
石大胜华,www.sinodmc.com
千禾味业,www.qianhefood.com
赛福天,www.wxrope.com
天鹅股份,www.sdmj.com.cn
全筑股份,www.trendzone.com.cn
安德利,www.sinoadl.com
德新交运,www.xjdxjy.com
三维股份,www.three-v.com
常熟汽饰,www.caip.com.cn
如通股份,www.rutong.com
凯众股份,www.carthane.com
华立股份,www.dghuafuli.com
泛微网络,www.weaver.com.cn
新坐标,www.xzbco.com
美思德,www.maysta.com
华脉科技,www.huamai.cn
广州酒家,www.gzr.com.cn
福达合金,www.china-fuda.com
科林电气,www.kechina.com
成都燃气,www.cdgas.com
台华新材,www.textaihua.com
德邦股份,www.deppon.com
永吉股份,www.yongjigf.com
倍加洁,www.toothbrush.com.cn
国检集团,www.ctc.ac.cn
禾望电气,www.hopewind.com
音飞储存,www.informrack.com
振华股份,www.hbzhenhua.com
博通集成,www.bekencorp.com
海汽集团,www.0898hq.com
乐惠国际,www.lehui.com
和邦生物,www.hebang.cn
江化微,www.jianghuamem.com
圣达生物,www.sd-pharm.com
新疆火炬,www.xjhjrq.com
大丰实业,www.chinadafeng.com
剑桥科技,www.cigtech.com
天成自控,www.china-tc.com
先达股份,www.cynda.cn
甘李药业,www.ganlee.com
宁波精达,www.nbjingda.com
正裕工业,www.addchina.com
宏盛股份,www.hs-exchanger.com
南华期货,www.nanhua.net
越剑智能,www.yuejian.com.cn
新经典,www.readinglife.com
森特股份,www.centerint.com
长白山,www.cbmt.com.cn
川仪股份,www.cqcy.com
汇嘉时代,www.wuikatimes.com
横店影视,www.hengdianfilm.com
芯能科技,www.sunorensolar.com
恒银科技,www.cashwaytech.com
润达医疗,www.rundamedical.com
神驰机电,www.senci.cn
东方材料,www.chinaneweast.com
康尼机电,www.kn-nanjing.com
华翔股份,www.huaxianggroup.cn
金能科技,www.jncoke.com
海星股份,www.haistar.com.cn
红蜻蜓,www.cnhqt.com
万林物流,www.china-wanlin.com
共进股份,www.twsz.com
华培动力,www.sinotec.cn
翠微股份,www.cwjt.com
中材节能,www.sinoma-ec.cn
昭衍新药,www.joinn-lab.com
华贸物流,www.ctsfreight.com
春风动力,www.cfmoto.com
上海沪工,www.hugong.com
碳元科技,www.tanyuantech.com
天目湖,www.tmhtour.com
海量数据,www.vastdata.com.cn
康惠制药,www.sxkh.com
新亚强,www.newasiaman.com
养元饮品,www.hbyangyuan.com
*ST拉夏,www.lachapelle.cn
腾龙股份,www.cztl.com
上海亚虹,www.yahong-mould.com
汇顶科技,www.goodix.com
科华控股,www.khmm.com.cn
荣晟环保,www.rszy.com
福达股份,www.glfoto.cn
渤海轮渡,www.bohailundu.cn
莎普爱思,www.zjspas.com
兰石重装,www.lshec.com
德创环保,www.zj-tuna.com
圣龙股份,slpt.sheng-long.com
新泉股份,www.xinquan.cn
金牌厨柜,www.goldenhome.cc
皇马科技,www.huangma.com
建研院,www.szjkjt.com
上机数控,www.wuxisj.com
华正新材,www.wazam.com.cn
海容冷链,www.chinahiron.com
ST亚邦,www.yabangdyes.com
网达软件,www.wondertek.com.cn
汇得科技,www.shhdsz.com
公牛集团,www.gongniu.cn
日播时尚,www.ribo-group.com
保隆科技,www.baolong.biz
迎驾贡酒,www.yingjia.cn
九华旅游,www.jiuhuashan.cc
上海洗霸,www.china-xiba.com
快克股份,www.quick-global.com
江山欧派,www.oupaigroup.com
赛伍技术,www.cybrid.com.cn
爱婴室,www.aiyingshi.com
元利科技,www.yuanlichem.com.cn
日月股份,www.riyuehi.com
中贝通信,www.whbester.com
爱丽家居,www.eletile.com
济民制药,www.chimin.cn
恒通股份,www.hengtonggf.com
新凤鸣,www.xfmgroup.com
菲林格尔,www.vohringer.com
雪峰科技,www.xjxfkj.com
景旺电子,www.kinwong.com
奥翔药业,www.ausunpharm.com
格尔软件,www.koal.com
大参林,www.dslyy.com
移远通信,www.quectel.com
诺邦股份,www.nbond.cn
浙江仙通,www.zjxtgf.cn
宏和科技,www.gracefabric.com
电魂网络,www.dianhun.cn
药明康德,www.wuxiapptec.com.cn
合盛硅业,www.hoshinesilicon.com
天龙股份,www.ptianlong.com
鸿远电子,www.yldz.com.cn
松发股份,www.songfa.com
海鸥股份,www.seagull-ct.com
银都股份,www.yinduchina.com
大业股份,www.sddaye.com
景津环保,www.jingjin.org
赛腾股份,www.secote.com
日盈电子,www.riyingcorp.com
海天味业,www.haitian-food.com
泰瑞机器,cn.tedericglobal.com
斯达半导,www.powersemi.com
永新光学,www.yxopt.com
杭叉集团,www.zjhc.cn
苏盐井神,www.jsjsyh.com
华铁应急,www.zjhuatie.cn
振德医疗,www.zhende.com
得邦照明,www.tospolighting.com.cn
旭升股份,www.nbxus.com
华懋科技,www.hmtnew.com
应流股份,www.yingliugroup.com
维力医疗,www.welllead.com.cn
金海环境,www.goldensea.cn
梦百合,www.mlily.com
福鞍股份,www.lnfa.com.cn
诚邦股份,www.cbgfcn.com
天味食品,www.teway.cn
派思股份,www.energas.cn
湘油泵,www.hnjyb.com
迪贝电气,www.dibei.com
梅轮电梯,www.zjml.cc
超讯通信,www.sts.cn
苏农银行,www.szrcb.com
我乐家居,www.olo-home.com
福蓉科技,www.scfrkj.cn
依顿电子,www.ellingtonpcb.com
上海雅仕,www.aceonline.cn
上海天洋,www.hotmelt.com.cn
百达精工,www.baidapm.com
苏州龙杰,www.jslongjie.com
尚纬股份,www.sunwayint.com
迪生力,www.dcenti.cn
宏辉果蔬,www.greatsunfoods.com
杰克股份,www.chinajack.com
浙江鼎力,www.cndingli.com
四方科技,www.sqteg.com
安井食品,www.anjoyfood.com
文灿股份,www.wencan.com
威尔药业,www.well-js.com
和顺石油,www.hnhsjt.com
莱克电气,www.lexy.cn
华菱精工,www.xchualing.com
设计总院,www.atcdi.com.cn
华达科技,www.hdqckj.com
东珠生态,www.dongzhushengtai.com
百傲化学,www.biofc.com
傲农生物,www.aonong.com.cn
水星家纺,www.shuixing.com
日出东方,www.solareast.com
辰欣药业,www.cisen-pharma.com
柳药股份,www.lzyy.cn
今世缘,www.jinshiyuan.com.cn
东方时尚,www.dfss.com.cn
亚士创能,www.cuanon.com
三美股份,www.sanmeichem.com
易德龙,www.etron.cn
顶点软件,www.apexsoft.com.cn
惠达卫浴,www.huidagroup.com
广东骏亚,www.championasia.hk
基蛋生物,www.bio-gp.com.cn
元成股份,www.ycgf.cn
*ST亚振,www.az.com.cn
通达电气,www.tongda.cc
万泰生物,www.ystwt.com
新天然气,www.xjxtrq.com
金辰股份,www.jinchensolar.com
邦宝益智,www.banbao.com
吉翔股份,www.geeimage.com
建霖家居,www.runner-corp.com
信捷电气,www.xinje.com
鼎信通讯,www.topscomm.com
集友股份,www.ahjiyou.com.cn
贵州三力,www.gz-sanli.com
吉比特,www.g-bits.com
九洲药业,www.jiuzhoupharma.com
勘设股份,www.gzjtsjy.com
风语筑,www.fengyuzhu.com
巨星农牧,www.zhenjinggufen.com
科沃斯,www.ecovacs.cn
展鹏科技,www.wxflying.com
八方股份,www.bafang-e.com
恒为科技,www.embedway.com
翔港科技,www.sunglow-tec.com
祥和实业,www.ttxh.com.cn
韦尔股份,www.willsemi.com
金石资源,www.chinesekings.com
南都物业,www.nacityres.com
振江股份,www.zjavim.com
思维列控,www.hnthinker.com
欧普照明,www.opple.com.cn
淳中科技,www.chinargb.com.cn
绝味食品,www.juewei.cn
锦泓集团,www.vgrass.com
立霸股份,www.jsliba.com
司太立,www.starrypharm.com
众源新材,www.zyxcl.cn
多伦科技,www.duoluntech.com
神马电力,www.shemar.com.cn
掌阅科技,www.zhangyue.com
嘉诚国际,www.jiacheng88.com
惠发食品,www.huifafoods.com
美诺华,www.menovopharm.com
奥普家居,www.aupu.net
*ST贵人,www.k-bird.com
海兴电力,www.hxgroup.cn
起步股份,www.abckids.com.cn
健盛集团,www.jasangroup.com
中通国脉,www.ztgmcom.com
中谷物流,www.zhonggu56.com
普莱柯,www.pulike.com.cn
珍宝岛,www.zbdzy.com
伟明环保,www.cnweiming.com
长久物流,www.changjiulogistics.com
汇金通,www.hjttower.com
三星新材,www.sxslhg.com
荣泰健康,www.rotai.com
艾艾精工,www.aabelt.com.cn
捷昌驱动,www.jiecang.com
苏利股份,www.suli.com
金麒麟,www.chinabrake.com
地素时尚,www.dazzle-fashion.com
高能环境,www.bgechina.cn
口子窖,www.kouzi.com
康辰药业,www.konruns.cn
东尼电子,www.tonytech.com
伯特利,www.btl-auto.com
引力传媒,www.yinlimedia.com
广信股份,www.chinaguangxin.com
永艺股份,www.uechairs.cn
再升科技,www.cqzskj.com
纵横通信,www.freelynet.com
博天环境,www.poten.cn
珀莱雅,www.proya-group.com
东方电缆,www.orientcable.com
京华激光,www.sx-jhjg.com
天创时尚,www.topscore.com.cn
禾丰牧业,www.wellhope-ag.com
麒盛科技,www.keeson.com
诺力股份,www.noblelift.com
索通发展,www.sun-stone.com
国联股份,www.ueiibi.com
茶花股份,www.chahuajj.com
韩建河山,www.bjhs.cn
君禾股份,www.junhepumps.com
杭电股份,www.hzcables.com
中曼石油,www.zpec.com
科森科技,www.kersentech.com
清源股份,www.clenergy.com.cn
利通电子,www.lettall.com
拉芳家化,www.laf.cn
徕木股份,www.laimu.com.cn
南威软件,www.linewell.com
镇海股份,www.izpec.com
艾迪精密,www.cceddie.com
海利尔,www.hailir.cn
畅联股份,www.chinaslc.com
彤程新材,www.rachem.com
朗博科技,www.jmp-seal.com
泰禾光电,www.chinataiho.com
春光科技,www.chinacgh.com
安图生物,www.autobio.com.cn
璞泰来,www.putailai.com
苏州科达,www.kedacom.com
恒林股份,www.henglin.com
柯力传感,www.kelichina.com
三祥新材,www.fjsx.com
康隆达,www.kanglongda.com.cn
亿嘉和,www.yijiahe.com
五洲新春,www.xcc-zxz.com
天马科技,www.jolma.cn
灵康药业,www.lingkang.com.cn
卫信康,www.wxkpharma.com
奇精机械,www.qijing-m.com
火炬电子,www.torch.cn
华体科技,www.huaticn.com
今创集团,www.ktk.com.cn
永冠新材,www.ygtape.com
锦和商业,www.iyuejie.com
晶华新材,www.smithcn.com
晨丰科技,www.cnlampholder.com
龙马环卫,www.fjlm.com.cn
大胜达,www.sdpack.cn
石英股份,www.quartzpacific.com
皖天然气,www.ahtrq.com
至纯科技,www.pnc-systems.com
江苏新能,www.jsne.com.cn
安记食品,www.anjifood.com
有友食品,www.youyoufood.com
航天工程,www.china-ceco.com
纽威股份,www.newayvalve.com
宁水集团,www.chinawatermeter.com
德宏股份,www.dehong.com.cn
盛洋科技,www.shengyang.com
东方环宇,www.dfhyrq.com
健友股份,www.nkf-pharma.com
家家悦,www.jiajiayue.com.cn
中源家居,www.zoy-living.com
香飘飘,www.chinaxpp.com
七一二,www.712.cn
密尔克卫,www.mwclg.com
塞力斯,www.thalys.net.cn
天域生态,www.tygf.cn
海利生物,www.hile-bio.com
良品铺子,www.517lppz.com
中广天择,www.tvzone.cn
阿科力,www.chinaacryl.com
天安新材,www.tianantech.com
朗迪集团,www.langdi.com
博迈科,www.bomesc.com
鸣志电器,www.moons.com.cn
龙韵股份,www.obm.com.cn
岱美股份,www.daimay.com
仙鹤股份,www.xianhepaper.com
三棵树,www.3treesgroup.com
泰晶科技,www.sztkd.com
蔚蓝生物,www.vlandgroup.com
日辰股份,www.richen-qd.cn
大元泵业,www.dayuan.com
秦安股份,www.qamemc.com
隆鑫通用,www.loncinindustries.com
中马传动,www.zomaxcd.com
常青股份,www.hfcqjx.com
沃格光电,www.wgtechjx.com
永安行,www.ibike668.com
来伊份,www.lyfen.com
乾景园林,www.qjyl.com
ST威龙,www.weilong.com
科博达,www.keboda.com
新日股份,www.xinri.com
宁波高发,www.gaofacable.com
星光农机,www.xg1688.com
雅运股份,www.argus.net.cn
联泰环保,www.lt-hbgf.com
康普顿,www.copton.com.cn
华友钴业,www.huayou.com
道森股份,www.douson.cn
志邦家居,www.zbom.com
瑞斯康达,www.raisecom.com
福斯特,www.firstpvm.com
歌力思,www.ellassay.com
豪能股份,www.cdhntech.com
丰山集团,www.fengshangroup.com
诚意药业,www.chengyipharma.com
原尚股份,www.gsl.cc
交建股份,www.gourgen.com
顾家家居,www.kukahome.com
海峡环保,www.fjhxhb.com
曲美家居,www.qumei.com
神力股份,www.czshenli.com
嘉澳环保,www.jiaaohuanbao.com
百合花,www.lilygroup.cn
华扬联众,www.hylink.com
坤彩科技,www.fjkuncai.com
柯利达,www.kldzs.com
洛凯股份,www.lk-jd.com
欧派家居,www.oppein.com
四通股份,www.sitong.net
安正时尚,anzhenggroup.com
正平股份,www.zhengpingjituan.com
好太太,www.hotata.com
华荣股份,www.warom.com
东宏股份,www.dhguanye.com
步长制药,www.buchang.com
能科股份,www.nancal.com
中公高科,www.roadmaint.com
白云电器,www.bydq.com
松炀资源,www.sypaper.cn
桃李面包,www.tolybread.cn
新化股份,www.xhchem.com
飞科电器,www.flyco.com
新智认知,www.encdata.cn
嘉友国际,www.jyinternational.com.cn
鼎胜新材,www.dingshengxincai.com
太平鸟,www.peacebird.com
武进不锈,www.wjss.com.cn
永悦科技,www.fjyykj.com
南卫股份,www.nfmedical.com.cn
数据港,www.athub.com
金域医学,www.kingmed.com.cn
老百姓,www.lbxdrugs.com
吉祥航空,www.juneyaoair.com
元祖股份,www.ganso.com.cn
城地香江,www.shcd.cc
新华网,www.xinhuanet.com
新澳股份,www.xinaotex.com
春秋电子,www.szchunqiu.com
瑞芯微,www.rock-chips.com
天永智能,www.ty-industries.com
寿仙谷,www.sxg1909.com
长城科技,www.grandwall.com.cn
好莱客,www.holike.com
晨光文具,www.mg-pen.com
莱绅通灵,www.leysen1855.com
永创智能,www.youngsunpack.com
中持股份,www.zchb-water.net
龙蟠科技,www.lopal.com.cn
牧高笛,www.mobigarden.com.cn
合诚股份,www.holsin.cn
佳力图,www.canatal.com.cn
国茂股份,www.guomaoreducer.com
苏博特,www.sobute.com
合力科技,www.helimould.com
金桥信息,www.shgbit.com
金徽酒,www.jinhuijiu.com
世运电路,www.olympicpcb.cn
金鸿顺,www.jinhs.com
铁流股份,www.chinaclutch.com
中科软,www.sinosoft.com.cn
兴业股份,www.chinaxingye.com
亚翔集成,www.lkeng.com.cn
格林达,www.greendachem.com
睿能科技,www.raynen.cn
博敏电子,www.bominelec.com
丽岛新材,www.jsldxcl.com
三孚股份,www.tssunfar.com
益丰药房,www.yfdyf.cn
建业股份,www.chinaorganicchem.com
雪龙集团,www.xuelong.net.cn
长源东谷,www.cydgsy.com
大千生态,www.daqianjg.com
威派格,www.shwpg.com
哈森股份,www.harsongroup.com
百利科技,www.blest.com.cn
克来机电,www.sh-kelai.com
大理药业,www.daliyaoye.cn
法兰泰克,www.eurocrane.com.cn
中创物流,www.cmlog.com
醋化股份,www.ntacf.com
银龙股份,www.yinlong.com
中农立华,www.sino-agri-sal.com
正川股份,www.cqzcjt.com
国泰集团,www.jxgtjtgw.com
深圳新星,www.stalloys.com
金诚信,www.jchxmc.com
吉华集团,www.jihuadyes.com
泉峰汽车,www.chervonauto.com
丸美股份,www.marubi.cn
恒润股份,www.hrflanges.com
兆易创新,www.gigadevice.com
康德莱,www.kdlchina.cn
中电电机,www.sec-motor.com
艾华集团,www.aihuaglobal.com
麦迪科技,www.medicalsystem.com.cn
至正股份,www.sh-original.com
松霖科技,www.solex-group.com
洛阳钼业,www.cmoc.com
甬金股份,www.zjyj.com.cn
*ST中新,www.cncoptronics.cn
继峰股份,www.nb-jf.com
方盛制药,www.fangsheng.com.cn
读者传媒,www.duzhepmc.com
威奥股份,www.victall.com
众望布艺,www.zw-fabric.com
山东玻纤,www.glasstex.cn
五洲特纸,www.wztzzy.com
长鸿高科,www.changhongpolymer.com
豪悦护理,www.hz-haoyue.com
长华股份,www.zjchanghua.com
福然德,www.scmfriend.com
澳弘电子,www.czaohong.com
天正电气,www.tengen.com
冠盛股份,www.gsp.cn
共创草坪,www.ccgrass.cn
华丰股份,www.powerhf.com
同庆楼,www.tongqinglou.cn
新洁能,www.ncepower.com
奥锐特,www.aurisco.com
力鼎光电,www.leadingoptics.com
派克新材,www.wuxipaike.com
上海沿浦,www.shyanpu.com
丽人丽妆,www.lrlz.com
华达新材,www.hdnew.cn
聚合顺,www.jhspa6.com
三人行,www.topsrx.com
洪通燃气,www.xjhtrq.com
时空科技,www.nnlighting.com
国光连锁,www.jxggls.com
德利股份,www.andre.com.cn
葫芦娃,www.huluwayaoye.com
伟时电子,www.ksways.com
起帆电缆,www.qifancable.com
天普股份,www.tipgroupm.com
凯迪股份,www.czkaidi.cn
法狮龙,www.fsilon.com
沪光股份,www.kshg.com
帅丰电器,www.sanfer.com
巴比食品,www.babifood.com
立昂微,www.li-on.com
宏柏新材,www.hungpai.net
拱东医疗,www.chinagongdong.com
均瑶健康,www.juneyaodairy.com
晨光新材,www.cgsilane.com
华兴源创,www.hyc.cn
睿创微纳,www.raytrontek.com
天准科技,www.tztek.com
博汇科技,www.bohui.com.cn
容百科技,www.ronbaymat.com
杭可科技,www.chr-group.net
光峰科技,www.appotronics.com
澜起科技,www.montage-tech.com
中国通号,www.crsc.cn
福光股份,www.forecam.com
新光光电,www.xggdkj.com
中微公司,www.amec-inc.com
天臣医疗,www.touchstonesurgical.com
交控科技,www.bj-tct.com
心脉医疗,www.endovastec.com
绿的谐波,www.leaderdrive.com
乐鑫科技,www.espressif.com
安集科技,www.anjimicro.com
方邦股份,www.fbflex.com
奥福环保,www.sdaofu.com
瀚川智能,www.harmontronics.com
安恒信息,www.dbappsecurity.com.cn
杰普特,www.jptoe.com
洁特生物,www.jetbiofil.com
国盾量子,www.quantum-info.com
沃尔德,www.worldiatools.com
南微医学,www.micro-tech.com.cn
山石网科,www.hillstonenet.com.cn
天宜上佳,www.bjtysj.com
传音控股,www.transsion.com
芯源微,www.kingsemi.com
当虹科技,www.arcvideo.cn
爱博医疗,www.ebmedical.com
佳华科技,www.rockontrol.com
龙腾光电,www.ivo.com.cn
莱伯泰科,www.labtechgroup.com
金达莱,www.jdlhb.com
宝兰德,www.bessystem.com
云涌科技,www.yytek.com
凯赛生物,www.cathaybiotech.com
航天宏图,www.piesat.com.cn
热景生物,www.hotgen.com.cn
德林海,www.wxdlh.com
大地熊,earth-panda.com
龙软科技,www.longruan.com
映翰通,www.inhand.com.cn
兴图新科,www.xingtu.com
三友医疗,www.sanyou-medical.com
紫晶存储,www.amethystum.com
虹软科技,www.arcsoft.com.cn
嘉必优,www.cabio.cn
瑞松科技,www.risongtc.com
世华科技,www.szshihua.com.cn
福昕软件,www.foxitsoftware.cn
京源环保,www.jsjyep.com
申联生物,www.slbio.com.cn
晶晨股份,www.amlogic.cn
威胜信息,www.willfar.com
三达膜,www.suntar.com
金宏气体,www.jinhonggroup.com
赛诺医疗,www.sinomed.com
金山办公,www.wps.cn
天奈科技,www.cnanotechnology.com
普元信息,www.primeton.com
西部超导,www.c-wst.com
聚辰股份,www.giantec-semi.com/cn/index.aspx
沪硅产业,www.nsig.com
蓝特光学,www.lante.com.cn
中国电研,www.cei1958.com
东来技术,www.onwings.com.cn
泰坦科技,www.titansci.com
利扬芯片,www.leadyo.com
清溢光电,www.supermask.com
海尔生物,www.haierbiomedical.com
先惠技术,sk1.net.cn
路德环境,www.road-group.com
松井股份,www.sokan.com.cn
优刻得,www.ucloud.cn
有方科技,www.neoway.com
步科股份,www.kinco.cn
埃夫特,www.efort.com.cn
博瑞医药,www.bright-gene.com
安博通,www.abtnetworks.com
石头科技,www.roborock.com
百奥泰,www.bio-thera.com
万德斯,www.njwds.com
阿拉丁,www.aladdin-e.com
君实生物,www.junshipharma.com
八亿时空,www.bayi.com.cn
康希诺,www.cansinotech.com.cn
广大特材,www.zjggdtc.com
柏楚电子,www.fscut.com
南新制药,www.nucien.com
卓越新能,www.zyxny.com
佰仁医疗,www.balancemed.cn
久日新材,www.jiuri.cc
华峰测控,hftc.com.cn
美迪西,www.medicilon.com.cn
道通科技,www.auteltech.cn
瑞晟智能,www.sunrise.com.cn
江苏北人,www.br-robot.com
会通股份,www.orinko.com.cn
前沿生物,www.frontierbiotech.com
成都先导,www.hitgen.com
开普云,www.kaipuyun.cn
博睿数据,www.bonree.com
神工股份,www.thinkon-cn.com
寒武纪,www.cambricon.com
卓易信息,www.eazytec.com
泽璟制药,www.zelgen.com
华特气体,www.huategas.com
天智航,www.tinavi.com
特宝生物,www.amoytop.com
敏芯股份,www.memsensing.com
鸿泉物联,www.hopechart.com
圣湘生物,www.sansure.com.cn
东方生物,www.orientgene.com
长阳科技,www.solartrontech.com
联瑞新材,www.novoray.com
奕瑞科技,www.iraychina.com
恒誉环保,www.niutech.com
迈得医疗,www.maiderchina.com
盟升电子,www.microwave-signal.com
燕麦科技,www.yanmade.com
仕佳光子,www.sjphotons.com
财富趋势,www.tdx.com.cn
微芯生物,www.chipscreen.com
宏力达,www.holystar.com.cn
铂力特,www.xa-blt.com
复洁环保,www.ceo.sh.cn
三生国健,www.3s-guojian.com
赛科希德,www.succeeder.com.cn
亿华通,www.sinohytec.com
键凯科技,www.jenkem.com
建龙微纳,www.jalon.cn
祥生医疗,www.chison.com
德马科技,www.damon-group.com
华熙生物,www.bloomagebiotech.com
光云科技,www.raycloud.com
昊海生科,www.3healthcare.com
晶丰明源,www.bpsemi.com
致远互联,www.seeyon.com
迪威尔,www.nj-develop.com
奥来德,www.jl-oled.com
华光新材,www.cn-huaguang.com
泛亚微透,www.microvent.com.cn
嘉元科技,www.gdjygf.com
普门科技,www.lifotronic.com
固德威,www.goodwe.com.cn
安必平,www.gzlbp.com
华润微,www.crmicro.com
赛特新材,www.supertech-vip.com
硕世生物,www.s-sbio.com
中信博,www.arctechsolar.cn
震有科技,www.genew.com
金科环境,www.greentech.com.cn
艾迪药业,www.aidea.com.cn
慧辰资讯,www.hcr.com.cn
复旦张江,www.fd-zj.com
芯朋微,www.chipown.com.cn
苑东生物,www.eastonpharma.cn
奥特维,www.wxautowell.com
联赢激光,www.uwlaser.com
南亚新材,www.ccl-china.com
神州细胞,www.sinocelltech.com
芯原股份,www.verisilicon.com
科前生物,www.kqbio.com
秦川物联,www.cdqckj.com
豪森股份,www.haosen.com.cn
思瑞浦,www.3peakic.com.cn
瑞联新材,www.xarlm.com
科威尔,www.kewell.com.cn
泽达易盛,www.sino-essence.com
高测股份,www.gaoce.cc
国盛智科,www.ntgszk.com
海目星,www.hymson.com
奇安信,www.qianxin.com
吉贝尔,www.jibeier.com.cn
孚能科技,www.farasisenergy.com.cn
中科星图,www.geovis.com.cn
铁科轨道,www.bjtkgd.com
浙海德曼,www.headman.cn
山大地纬,www.dareway.com.cn
伟思医疗,www.vishee.com
上纬新材,new.swancor.com
江航装备,www.jianghang.com
凌志软件,www.linkstec.com
力合微,www.leaguerme.com
芯海科技,www.chipsea.com
正帆科技,www.gentech.com
金博股份,www.kbcarbon.com
天合光能,www.trinasolar.com
皖仪科技,www.wayeal.com.cn
科思科技,www.consys.com.cn
中芯国际,www.smics.com
九号公司,www.segway.com
平安银行,www.bank.pingan.com
万科A,www.vanke.com
国农科技,www.sz000004.cn
世纪星源,www.fountain.com.cn
深振业A,www.zhenye.com
全新好,www.sz000007.com
神州高铁,www.shenzhou-gaotie.com
中国宝安,www.chinabaoan.com
美丽生态,www.eco-beauty.cn
深物业A,www.szwuye.com.cn
南玻A,www.csgholding.com
沙河股份,www.shahe.cn
深康佳A,www.konka.com
*ST中华A,www.cbc.com.cn
深粮控股,www.slkg1949.com
深华发A,www.hwafa.com.cn
深科技,www.kaifa.cn
深天地A,www.sztiandi.com
特力A,www.tellus.cn
飞亚达,www.fiytagroup.com
深圳能源,www.sec.com.cn
国药一致,www.szaccord.com.cn
深深房A,www.sfjt.com.cn
富奥股份,www.fawer.com.cn
大悦城,www.grandjoy.com
深桑达A,www.sedind.com
神州数码,www.digitalchina.com
中国天楹,www.ctyi.com.cn
华联控股,www.udcgroup.com
深南电A,www.nsrd.com.cn
深大通,www.chinadatong.com
中集集团,www.cimc.com
东旭蓝天,www.dongxulantian.com
中洲控股,www.zztzkg.com
深纺织A,www.chinasthc.com
泛海控股,www.fhkg.com
京基智农,www.kondarl.com
德赛电池,www.desaybattery.com
深天马A,www.tianma.cn
方大集团,www.fangda.com
皇庭国际,www.wongtee000056.com
深赛格,www.segcl.com.cn
华锦股份,www.huajinchem.com
中金岭南,www.nonfemet.com
农产品,www.szap.com
深圳华强,www.szhq000062.com
中兴通讯,www.zte.com.cn
北方国际,www.norinco-intl.com
中国长城,www.greatwall.cn
华控赛格,www.huakongseg.com.cn
华侨城A,www.octholding.com
特发信息,www.sdgi.com.cn
盐田港,www.yantian-port.com
深圳机场,www.szairport.com
天健集团,www.tagen.cn
广聚能源,www.gj000096.com
中信海直,www.cohc.citic
TCL科技,www.tcl.com
宜华健康,www.yihuahealth.com
中成股份,www.complant-ltd.com
丰原药业,www.bbcayy.com
川能动力,www.cndl155.com
华数传媒,www.wasu.com
中联重科,www.zoomlion.com
常山北明,www.csbmkj.com
国际实业,www.xjgjsy.com
申万宏源,www.swhygh.com
东方盛虹,www.jsessh.com
美的集团,www.midea.com
潍柴动力,www.weichaipower.com
许继电气,www.xjgc.com
冀东水泥,www.jdsn.com.cn
金融街,www.jrjkg.com.cn
长虹华意,www.hua-yi.cn
胜利股份,www.vicome.com
*ST藏格,www.zanggegf.com
ST地矿,dkgf.ykjt.cn
*ST沈机,www.smtcl.com
英特集团,www.intmedic.com
东旭光电,www.dongxuguangdian.com.cn
渤海租赁,www.bohaileasing.com
民生控股,www.mskg.com.cn
合肥百货,www.hfbh.com.cn
通程控股,www.e-tongcheng.com
吉林化纤,www.jlcfc.com
南京公用,www.nj-public.com
ST宜化,www.hbyh.cn
东阿阿胶,www.dongeejiao.com
徐工机械,xgjx.xcmg.com
兴业矿业,www.nmxyky.com
华天酒店,www.huatian-hotel.com
粤高速A,www.gpedcl.com
张家界,zjjlyjt.com
晨鸣纸业,www.chenmingpaper.com
山东路桥,www.sdlqgf.com
鄂武商A,www.wushang.com.cn
绿景控股,www.000502.cn
国新健康,www.crhms.cn
ST生物,www.nhbiogroup.com
中润资源,www.sdzr.com
珠海港,www.0507.com.cn
新金路,www.xjinlu.cn
丽珠集团,www.livzon.com.cn
渝开发,www.cqukf.com
国际医学,www.000516.cn
荣安地产,www.rongan.com.cn
四环生物,www.000518shsw.com
中兵红箭,zbhj.norincogroup.com.cn
长航凤凰,zgchfh.sinotrans-csc.com
长虹美菱,www.meiling.com
广州浪奇,www.lonkey.com.cn
岭南控股,www.gzlnholdings.com
红太阳,www.chinaredsun.com
柳工,www.liugong.com
广弘控股,www.ghkg000529.com
冰山冷热,www.bingshan.cn
穗恒运A,www.hengyun.com.cn
华金资本,www.huajinct.com
顺钠股份,www.shunna.com.cn
万泽股份,www.wedgeind.com
*ST华映,www.cpttg.com
广宇发展,www.gyfz000537.com
云南白药,www.yunnanbaiyao.com.cn
粤电力A,www.ged.com.cn
中天金融,www.ztfgroup.com
佛山照明,www.chinafsl.com
皖能电力,www.wenergy.cn
中原环保,www.cpepgc.com
金浦钛业,www.nthcl.com
金圆股份,www.jysn.com
航天发展,www.casic-addsino.com
湖南投资,www.hntz.com.cn
江铃汽车,www.jmc.com.cn
创元科技,www.000551.cn
靖远煤电,www.jymdgs.com
安道麦A,www.adama.com
神州信息,www.dcits.com
西部创业,www.xbcy.nx.cn
莱茵体育,www.lander.com.cn
万向钱潮,www.wxqc.com.cn
我爱我家,000560.5i5j.com
烽火电子,www.fenghuo.cn
陕国投A,www.siti.com.cn
供销大集,www.gongxiaodaji.com
渝三峡A,www.sanxia.com
海南海药,www.haiyao.com.cn
海德股份,www.000567.com
泸州老窖,www.lzlj.com
苏常柴A,www.changchai.com.cn
*ST大洲,www.sundiro.com
ST海马,www.haima.com
粤宏远A,www.winnerway.com.cn
甘化科工,www.gdganhua.com
威孚高科,www.weifu.com.cn
北部湾港,www.bbwport.cn
哈工智能,www.hgzngroup.com
*ST东电,www.nee.com.cn
汇源通信,www.schy.com.cn
*ST金洲,www.goldzb.com
贵州轮胎,www.gztyre.com
启迪古汉,www.guhan.com
太阳能,www.cecsec.cn
平潭发展,www.000592.com
大通燃气,www.dtrq.com
*ST宝实,www.nxz.com.cn
古井贡酒,www.gujing.com
东北制药,www.nepharm.com.cn
兴蓉环境,www.cdxrec.com
青岛双星,www.doublestar.com.cn
建投能源,www.jei.com.cn
韶能股份,www.shaoneng.com.cn
盛达资源,www.sdkygf.com
渤海股份,www.bohai-water.com
顺利办,www.shunliban.com
华媒控股,www.000607.cn
阳光股份,www.yangguangxinye.com
中迪投资,www.zdinvest.com
西安旅游,www.xatourism.com
焦作万方,www.jzwfal.com
奥园美谷,www.000615.com.cn
海航投资,www.hnainvestment.com
中油资本,www.cnpccapital.cn
海螺型材,profile.conch.cn
新华联,www.xhlwl.com.cn
恒立实业,www.hlsyfzjt.com
吉林敖东,www.jlaod.com
长安汽车,www.changan.com.cn
远大控股,www.grand-holding.cn
天茂集团,www.tianmaogroup.net
高新发展,www.cdgxfz.com
攀钢钒钛,www.pgvt.cn
铜陵有色,www.tlys.cn
顺发恒业,www.sfhy.cn
三木集团,www.san-mu.com
合金投资,www.xjhjtz.net
英力特,www.yinglitechem.com
风华高科,www.china-fenghua.com
茂化实华,www.mhsh0637.com.cn
万方发展,www.vanfund.cn
西王食品,www.xwsp.cc
仁和药业,www.renheyaoye.com
格力电器,www.gree.com.cn
泰达股份,www.tedastock.com
金岭矿业,www.sdjlky.com
金科股份,www.jinke.com
中钨高新,www.minmetalstungsten.com
珠海中富,www.zhongfu.com.cn
长春高新,www.ccht.jl.cn
*ST天夏,www.txgis.com
*ST永林,www.yonglin.com
湖北广电,www.hrtn.net
经纬纺机,www.jwgf.com
美好置业,www.000667.com
荣丰控股,www.rongfengholding.cn
*ST金鸿,www.spjhe.com
*ST盈方,www.infotm.com
阳光城,www.yango.com.cn
上峰水泥,www.sfsn.cn
*ST当代,www.sz000673.com
智度股份,www.genimous.com
恒天海龙,www.helon.cn
襄阳轴承,www.zxy.com.cn
*ST友谊,www.sz000679.com
山推股份,www.shantui.com
视觉中国,www.vcg.com
东方电子,www.dongfangelec.com
远兴能源,www.yuanxing.com
中山公用,www.zpug.net
东北证券,www.nesc.cn
*ST华讯,www.huaxunchina.com.cn
国城矿业,www.gcky0688.com
宝新能源,www.baolihua.com.cn
亚太实业,www.ytsy000691.com
惠天热电,www.htrd.cn
滨海能源,www.binhaienergy.com
炼石航空,www.lat000697.com
沈阳化工,www.sychem.com
模塑科技,www.000700.com
厦门信达,www.xindeco.com.cn
正虹科技,www.chinazhjt.com.cn
恒逸石化,www.hengyishihua.com
浙江震元,www.zjzy.com
ST双环,www.hbshkj.cn
中信特钢,www.citicsteel.com
河钢股份,www.hebgtgf.com
贝瑞基因,www.berrygenomics.com
京蓝科技,www.kinglandgroup.com
锦龙股份,www.jlgf.com
丰乐种业,www.fengle.com.cn
中兴商业,www.zxbusiness.com
黑芝麻,www.nanfangfood.com
韶钢松山,www.sgss.com.cn
苏宁环球,www.suning-universal.com
中原传媒,www.zyddcm.com
新能泰山,www.xntsgs.com
西安饮食,www.chizhuanxian.com
湖南发展,www.hnfzgf.com
美锦能源,www.mjenergy.cn
京东方A,www.boe.com
鲁泰A,www.lttc.com.cn
*ST东科,www.huadongtech.com
国元证券,www.gyzq.com.cn
燕京啤酒,www.yanjing.com.cn
四川美丰,www.scmeif.com
泰禾集团,www.tahoecn.com
振华科技,www.czst.com.cn
罗牛山,www.luoniushan.com
中交地产,www.zhongjiaodichan.com
ST南风,www.nafine.com
航发控制,www.aaec.com.cn
普洛药业,www.apeloa.com
国海证券,www.ghzq.com.cn
锌业股份,www.hldxygf.com
*ST西发,rs.p5w.net/c/000752.shtml
漳州发展,www.zzdc.com.cn
新华制药,www.xhzy.com
浩物股份,www.hwgf757.com
中色股份,www.nfc.com.cn
中百集团,www.whzb.com
*ST斯太,www.steyr-motors.cn
通化金马,www.thjm.cn
漳泽电力,www.zhangzepower.com
中航飞机,www.aircraft_co.avic.com
广发证券,www.gf.com.cn
中核科技,www.chinasufa.com
新兴铸管,www.xinxing-pipes.com
甘咨询,www.gsgczx.cn
*ST平能,pzny.chnenergy.com.cn
美达股份,www.meidanylon.com
长江证券,www.cjsc.com
居然之家,www.juran.com.cn
北新建材,www.bnbm.com.cn
北大医药,www.pku-hc.com
万年青,www.wnq.com.cn
华神科技,www.thjkjt.com
甘肃电投,www.gepiced.com
*ST盐湖,www.qhyhgf.com
华闻集团,www.000793.com
英洛华,www.innuovo.com
凯撒旅业,www.caissa.com.cn
中国武夷,www.chinawuyi.com.cn
中水渔业,www.cofc.com.cn
酒鬼酒,www.jiuguijiu000799.com
一汽解放,www.fawjiefang.com.cn
四川九洲,www.jiuzhoutech.com.cn
北京文化,www.bjwhmedia.com
*ST北能,www.000803.cn
*ST银河,www.g-biomed.com
云铝股份,www.ylgf.com
铁岭新城,www.tielingnewcity.com.cn
创维数字,www.skyworthdigital.com
冰轮环境,www.moon-tech.com
陕西金叶,www.jinyegroup.cn
德展健康,www.dezhanhealthcare.com
美利云,www.china-meili.com
智慧农业,www.jd.dongyin.com
航锦科技,www.hangjintechnology.com
岳阳兴长,www.yyxc0819.com
*ST节能,www.sw-es.cn
京山轻机,www.jsmachine.com.cn
山东海化,www.chinahaihua.com
超声电子,www.gd-goworld.com
太钢不锈,tgbx.tisco.com.cn
启迪环境,www.tus-est.com
东莞控股,www.dgholdings.cn
天音控股,www.chinatelling.com
鲁西化工,www.luxichemical.com
五矿稀土,www.cmreltd.com
粤桂股份,www.yuegui.cn
*ST长动,www.000835.com
富通鑫茂,www.000836.net
*ST秦机,www.qinchuan.com
财信发展,www.casindev.com
中信国安,www.citicguoaninfo.com
承德露露,www.lolo.com.cn
华茂股份,www.chinahuamao.net
高鸿股份,www.gohigh.com.cn
石化机械,www.sofe.sinopec.com
冀东装备,www.jdzbgc.com
五粮液,www.wuliangye.com.cn
国风塑业,www.guofeng.com
顺鑫农业,www.000860.com
海印股份,www.000861.com
银星能源,www.nxyxny.com.cn
三湘印象,www.sxgf.com
ST安凯,www.ankai.com
张裕A,www.changyu.com.cn
吉电股份,www.spicjl.com
新希望,www.newhopeagri.com
天山股份,www.sinoma-tianshan.cn
云南铜业,www.yunnan-copper.com
潍柴重机,www.weichaihm.com
中广核技,www.cgnnt.com.cn
华联股份,www.bhgmall.com.cn
湖北能源,www.hbny.com.cn
城发环境,www.hncde.cn
海南高速,www.hi-expressway.com
中鼎股份,www.zhongdinggroup.com
峨眉山A,www.ems517.com
中嘉博创,www.zjbctech.com
*ST胜尔,www.chinafasten.cn
欢瑞世纪,www.huanruisj.com
亚钾国际,www.donlinks.cn
双汇发展,www.shuanghui.net
津滨发展,www.jbdc.com.cn
鞍钢股份,www.ansteel.com.cn
赣能股份,www.000899.com
现代投资,www.xdtz.net
航天科技,www.as-hitech.com
新洋丰,www.yonfer.com
云内动力,www.yunneidongli.com
厦门港务,www.xmgw.com.cn
浙商中拓,www.zmd.com.cn
景峰医药,www.jfyiyao.com
数源科技,www.soyea.com.cn
大亚圣象,www.dareglobal.com.cn
南宁糖业,www.nnsugar.com
泸天化,www.sclth.com
钱江摩托,www.qjmotor.com
山大华特,www.sd-wit.com
电广传媒,www.tik.com.cn
嘉凯城,www.calxon-group.com
金陵药业,www.jlyy1999.com
南方汇通,www.crrcgc.cc/ht
海信家电,hxjd.hisense.cn
佳电股份,www.jemlc.com
河钢资源,www.hbiszy.com
众合科技,www.unittec.com
福星股份,www.chinafxkj.com
中钢国际,mecc.sinosteel.com
兰州黄河,www.yellowriver.net.cn
中粮科技,www.cofcotech.com
中关村,www.centek.com.cn
华菱钢铁,www.valin.cn
神火股份,www.shenhuo.com
四川双马,www.sc-shuangma.com
华西股份,www.jshuaxicun.com
冀中能源,www.jznygf.com
紫光股份,www.thunis.com
凯迪退,www.china-kaidi.com
南天信息,www.nantian.com.cn
新乡化纤,www.bailu.com
重药控股,www.cqphar.com
中国重汽,www.sinotruk.com
广济药业,www.guangjipharm.com
*ST河化,www.hechihuagong.com.cn
欣龙控股,www.xinlong-holding.com
中通客车,www.zhongtong.com
东方能源,www.spichebei.com
首钢股份,www.sggf.com.cn
锡业股份,www.ytl.com.cn
中南建设,www.zhongnangroup.cn
东方钽业,www.otic.com.cn
华东医药,www.eastchinapharm.com
天保基建,www.tbjijian.com
长源电力,www.cydl.com.cn
盈峰环境,www.inforeenviro.com
蓝焰控股,www.tymqh.com
安泰科技,www.atmcn.com
中科三环,www.san-huan.com.cn
*ST高升,www.gosun.com
ST中基,www.chalkistomato.com
佛塑科技,www.fspg.com.cn
银泰黄金,www.ytg000975.com
华铁股份,www.huatie-railway.com
浪潮信息,www.inspur.com
桂林旅游,www.guilintravel.com
*ST众泰,www.zotye.com
*ST银亿,www.chinayinyi.cn
*ST中绒,www.zhongyincashmere.com
西山煤电,www.xsmd.com.cn
大庆华科,www.huake.com
越秀金控,www.yuexiu-finance.com
华工科技,www.hgtech.com.cn
九芝堂,www.hnjzt.com
诚志股份,www.chengzhi.com.cn
闽东电力,www.mdep.com.cn
*ST皇台,www.huangtai.com.cn
中国中期,www.cifco996.com
新大陆,dt.newland.com.cn
隆平高科,www.lpht.com.cn
华润三九,www.999.com.cn
宗申动力,www.zsengine.com
招商港口,www.cmp1872.com
豫能控股,www.yuneng.com.cn
招商积余,www.cmpo1914.com
招商公路,www.cmexpressway.com
招商蛇口,www.cmsk1979.com
新和成,www.cnhu.com
鸿达兴业,www.002002.cn
伟星股份,www.weixing.cn
华邦健康,www.huapont.com.cn
ST德豪,www.electech.com.cn
精功科技,www.jgtec.com.cn
华兰生物,www.hualanbio.com
大族激光,www.hanslaser.com
天奇股份,www.chinaconveyor.com
传化智联,www.transfarzl.com
盾安环境,www.dunan.net
凯恩股份,www.zjkan.com
中航机电,www.avicem.com
永新股份,www.novel.com.cn
协鑫能科,www.gcl-et.com
世荣兆业,www.shirongzhaoye.com
东信和平,www.eastcompeace.com
亿帆医药,www.yifanyy.com
京新药业,www.jingxinpharm.com
ST中捷,www.zoje.com
科华生物,www.skhb.com
海特高新,www.schtgx.com
苏宁易购,www.suning.cn
航天电器,www.gzhtdq.com.cn
山东威达,www.weidapeacock.com
分众传媒,www.focusmedia.cn
思源电气,www.sieyuan.com
七匹狼,www.septwolves.com
达安基因,www.daangene.com
巨轮智能,www.greatoo.com
苏泊尔,www.supor.com.cn
丽江股份,www.ltg.cn
旺能环境,www.wannaenergy.com
华帝股份,www.vatti.com.cn
联创电子,www.lcetron.com
保利联合,www.gzjiulian.com
双鹭药业,www.slpharm.com.cn
黔源电力,www.gzqydl.cn
南京港,www.nj-port.com
登海种业,www.sddhzy.com
华孚时尚,www.huafuyarn.com
兔宝宝,www.dhwooden.com
美年健康,www.health-100.cn
国光电器,www.ggec.com.cn
轴研科技,www.sinomach-pi.cn
宝鹰股份,www.szby.cn
宁波华翔,www.nbhx.com.cn
紫光国微,www.gosinoic.com
三花智控,www.zjshc.com
中工国际,www.camce.com.cn
*ST同洲,www.coship.com
云南能投,www.cnyeic.com
德美化工,www.dymatic.com
得润电子,www.deren.com
横店东磁,www.chinadmegc.com
中钢天源,www.ty-magnet.com
威尔泰,www.welltech.cn
云南旅游,www.ynlygf.com
粤水电,www.gdsdej.com
浙江交科,www.zjjiaoke.com
宏润建设,www.chinahongrun.com
远光软件,www.ygsoft.com
华峰氨纶,www.spandex.com.cn
东华软件,www.dhcc.com.cn
瑞泰科技,www.bjruitai.com
景兴纸业,www.zjjxjt.com
黑猫股份,www.jx-blackcat.com
獐子岛,www.zhangzidao.com
*ST长城,www.chinaccys.com
ST凯瑞,www.002072krd.com
软控股份,www.mesnac.com
国轩高科,www.gotion.com.cn
沙钢股份,www.shaganggf.com
*ST雪莱,cnlight.com
*ST大港,www.dggf.cn
太阳纸业,www.sunpapergroup.com
苏州固锝,www.goodark.com
中材科技,www.sinomatech.com
金螳螂,www.goldmantis.com
万邦德,www.wepon.com.cn
孚日股份,www.sunvim.com
海鸥住工,www.seagullgroup.cn
万丰奥威,www.wfaw.com.cn
*ST东洋,www.dfhy.cc
新野纺织,www.xinye-tex.com
鲁阳节能,www.luyang.com
ST新海,www.nsu.com.cn
金智科技,www.wiscom.com.cn
江苏国泰,www.gtig.com
中泰化学,www.zthx.com
国脉科技,www.gmiot.com
青岛金王,www.chinakingking.com
生意宝,corp.netsun.com
南岭民爆,www.hnnlmb.com
山河智能,www.sunward.com.cn
浔兴股份,www.sbszipper.com
海翔药业,www.hisoar.com
天康生物,www.tcsw.com.cn
广东鸿图,www.ght-china.com
ST冠福,www.guanfu.com
广博股份,www.guangbo.net
恒宝股份,www.hengbao.com
信隆健康,www.hlcorp.com
莱宝高科,www.laibao.com.cn
沃华医药,www.wohua.cn
沧州明珠,www.cz-mz.com
兴化股份,www.snxhchem.com
三钢闽光,www.sgmg.com.cn
威海广泰,www.guangtai.com.cn
三变科技,www.sanbian.cn
*ST天润,www.trfz.com
罗平锌电,www.lpxdgf.cn
三维通信,www.sunwave.com.cn
中国海诚,www.haisum.com
东港股份,www.tungkong.com.cn
紫鑫药业,www.jilinzixin.com.cn
康强电子,www.kangqiang.com
韵达股份,www.yundaex.com
*ST科陆,www.szclou.com
*ST天马,www.tmb.net.cn
梦网集团,www.montnets.com
天邦股份,www.tianbang.com
湘潭电化,www.chinaemd.com
银轮股份,www.yinlun.cn
南极电商,www.nanjids.com
中环股份,www.tjsemi.com
沃尔核材,www.woer.com
利欧股份,www.leogroup.cn
恒星科技,www.hengxingchinese.com
广宇集团,www.cosmosgroup.com.cn
天津普林,www.toppcb.com
东南网架,www.dongnanwangjia.com
安纳达,www.andty.com
麦达数字,www.mindatagroup.com
顺络电子,www.sunlordinc.com
拓邦股份,www.topband.com.cn
东华科技,www.chinaecec.com
贤丰控股,www.sz002141.com
宁波银行,www.nbcb.com.cn
宏达高科,www.zjhongda.com.cn
中核钛白,www.zhtb.com
荣盛发展,www.risesun.cn
*ST新光,www.xgycgroup.com
北纬科技,www.bisp.com
西部材料,www.c-wmm.com
通润装备,www.tongrunindustries.com
北斗星通,www.bdstar.com
广电运通,www.grgbanking.com
石基信息,www.shijigroup.com
报喜鸟,www.baoxiniao.com.cn
湖南黄金,www.hngoldcorp.com
通富微电,www.tfme.com
正邦科技,www.zhengbang.com
汉钟精机,www.hanbell.com.cn
三特索道,www.sante.com.cn
常铝股份,www.alcha.com
远望谷,www.invengo.cn
悦心健康,www.everjoyhealth.com
海南发展,www.sanxinglass.com
宁波东力,www.donly.com.cn
红宝丽,www.hongbaoli.com
莱茵生物,www.layn.com.cn
东方锆业,www.orientzr.com
惠程科技,www.hifuture.com
智光电气,www.gzzg.com.cn
芭田股份,www.batian.com.cn
楚江新材,www.ahcjxc.com
澳洋健康,www.aykj.cn
创新医疗,www.chxyl.com
游族网络,www.yoozoo.com
ST东网,www.eastwindows.com
*ST江特,www.jiangte.com.cn
御银股份,www.kingteller.com.cn
延华智能,www.chinaforwards.com
中航光电,www.jonhon.cn
纳思达,www.ninestargroup.com
粤传媒,www.gdgzrb.com
云海金属,www.rsm.com.cn
怡亚通,www.eascs.com
海得控制,www.hite.com.cn
华天科技,www.tshtkj.com
全聚德,www.quanjude.com.cn
广百股份,www.grandbuy.com.cn
ST巴士,www.busonline.com
中光学,www.hn508.com.cn
成飞集成,www.cac-citc.com
劲嘉股份,www.jinjia.com
*ST融捷,www.luxiang.cn
如意集团,www.shandongruyi.com
武汉凡谷,www.fingu.com
二三四五,www.2345.net
方正电机,www.fdm.com.cn
证通电子,www.szzt.com.cn
嘉应制药,gdjyzy.com.cn
东晶电子,www.ecec.com.cn
ST云投,www.yt-eco.com
九鼎新材,www.cjdg.com
金风科技,www.goldwind.com.cn
海亮股份,www.hailiang.com
大连重工,www.dhidcw.com
国统股份,www.xjgt.com
海利得,www.halead.com
准油股份,www.zygf.com.cn
合肥城建,www.hucd.cn
达意隆,www.tech-long.com
*ST飞马,www.fmscm.com
宏达新材,www.002211sh.com
南洋股份,www.nanyangcable.com
大为股份,www.terca.cn
大立科技,www.dali-tech.com
诺普信,www.noposion.com
三全食品,www.sanquan.com
合力泰,www.holitech.net
拓日新能,www.topraysolar.com
*ST恒康,www.hkmg.com
东华能源,www.chinadhe.com
福晶科技,www.castech.com
鱼跃医疗,www.yuyue.com.cn
三力士,www.v-belt.com
濮耐股份,www.punai.com.cn
江南化工,www.ahjnhg.com
奥特迅,www.atc-a.com
合兴包装,www.hxpp.com.cn
鸿博股份,www.hb-print.com.cn
科大讯飞,www.iflytek.com
奥维通信,www.syallwin.com
启明信息,www.qm.cn
塔牌集团,www.tapai.com
民和股份,www.minhe.cn
安妮股份,www.anne.com.cn
大华股份,www.dahuatech.com
恒邦股份,www.hbyl.cn
天威视讯,www.topway.com.cn
奥特佳,www.aotecar.com
盛新锂能,www.gdweihua.cn
歌尔股份,www.goertek.com
九阳股份,www.joyoung.com
通产丽星,www.beautystar.cn
滨江集团,www.binjiang.com.cn
澳洋顺昌,www.aucksun.com
北化股份,bhgf.norincogroup.com.cn
*ST聚力,www.dilong.cc
华东数控,www.huadongcnc.com
大洋电机,www.broad-ocean.com
联化科技,www.lianhetech.com
步步高,www.bbg.com.cn
上海莱士,www.raas-corp.com
川大智胜,www.wisesoft.com.cn
泰和新材,www.tayho.com.cn
*ST海陆,www.hailu-boiler.cn
*ST兆新,www.szsunrisene.com
利尔化学,www.lierchem.com
*ST升达,www.shengdawood.com
*ST德奥,www.elecpro.com
拓维信息,www.talkweb.com.cn
恩华药业,www.nhwa-group.com
大东南,www.chinaddn.com
新华都,www.nhd-mart.com
西仪股份,ynxygf.csgc.com.cn
浙富控股,www.zhefu.cn
陕天然气,www.shaanxigas.com
卫士通,www.westone.com.cn
美邦服饰,corp.metersbonwe.com
华明装备,www.huaming.com
东方雨虹,www.yuhong.com.cn
川润股份,www.chuanrun.cn
水晶光电,www.crystal-optech.com
华昌化工,www.huachangchem.cn
桂林三金,www.sanjin.com.cn
万马股份,www.wanma-cable.cn
友阿股份,www.your-mart.cn
神开股份,www.shenkai.com
久其软件,www.jiuqi.com.cn
*ST联络,www.lianluo.com
光迅科技,www.accelink.com
博深股份,www.bosun.com.cn
天润工业,www.tianrun.com
亚太股份,www.apg.cn
世联行,www.worldunion.com.cn
保龄宝,www.blb-cn.com
奇正藏药,www.cheezheng.com.cn
超华科技,www.chaohuatech.com
ST宇顺,www.szsuccess.com.cn
ST中科创,www.szhssm.com.cn
星期六,www.st-sat.com
奥飞娱乐,www.gdalpha.com
罗莱生活,www.luolai.com.cn
信立泰,www.salubris.cn
精艺股份,www.jingyimetal.com
辉煌科技,www.hhkj.cn
博云新材,www.hnboyun.com.cn
中电兴发,www.ah-zdxl.com
圣农发展,www.sunnercn.com
太阳电缆,www.npcable.com
齐心集团,www.qx.com
西部建设,cwcg.cscec.com
美盈森,www.szmys.com
洋河股份,www.chinayanghe.com
南国置业,www.langold.com.cn
ST云网,www.cltg.com.cn
北新路桥,www.bxlq.com
威创股份,www.vtron.com
中利集团,www.zhongli.com
东方园林,www.orientscape.com
海大集团,www.haid.com.cn
三泰控股,www.isantai.com
日海智能,www.sunseagroup.com
南山控股,www.xnskg.cn
焦点科技,www.focuschina.com
亚联发展,www.asialink.com
众生药业,www.zspcl.com
久立特材,www.jiuli.com
*ST乐通,www.letongink.com
海峡股份,www.hnss.net.cn
华英农业,www.hua-ying.com
理工环科,www.lgom.com.cn
*ST雅博,www.yaboo-cn.com
普利特,www.pret.com.cn
洪涛股份,www.szhongtao.cn
永太科技,www.yongtaitech.com
富安娜,www.fuanna.com
新朋股份,www.xinpeng.com
皇氏集团,www.gxhsry.com
得利斯,www.delisijixie.com
皖通科技,www.wantong-tech.net
仙琚制药,www.xjpharma.com
ST罗普,www.lpsk.com.cn
英威腾,www.invt.com.cn
科华恒盛,www.kehua.com.cn
ST人乐,www.renrenle.cn
赛象科技,www.chinarpm.com
奥普光电,www.up-china.com
积成电子,www.ieslab.com.cn
格林美,www.gem.com.cn
新纶科技,www.szselen.com
巨力索具,www.julisling.com
慈文传媒,www.ciwen.com.cn
海宁皮城,www.zgpgc.com
潮宏基,www.chjchina.com
柘中股份,www.ch-zzcc.com
泰尔股份,www.taiergroup.com
高乐股份,www.高乐股份.com
精华制药,www.ntjhzy.com
北京科锐,www.creat-da.com.cn
漫步者,www.edifier.com
顺丰控股,www.sf-express.com
杰瑞股份,www.jereh.com
*ST天娱,www.tianshenyule.com
兴民智通,www.xingmin.com
*ST赫美,www.hemei.cn
富临运业,www.scflyy.cn
森源电气,www.hnsyec.com
*ST北讯,www.northcomgroup.com
同德化工,www.tondchem.com
神剑股份,www.shen-jian.com
汉王科技,www.hanwang.com.cn
隆基机械,www.sdljjx.com.cn
中恒电气,www.hzzh.com
永安药业,www.chinataurine.com
康力电梯,www.canny-elevator.com
太极股份,www.taiji.com.cn
卓翼科技,www.zowee.com.cn
亚太药业,www.ytyaoye.com
北方华创,www.naura.com
伟星新材,www.vasen.com
千方科技,www.ctfo.com
丽鹏股份,www.lp.com.cn
亚厦股份,www.chinayasha.com
新北洋,www.snbc.cn
国创高新,www.guochuang.com.cn
章源钨业,www.zy-tungsten.com
宏创控股,www.hongchuangholding.com
科远智慧,www.sciyon.com
双箭股份,www.doublearrow.net
蓝帆医疗,www.bluesail.cn
合众思壮,www.unistrong.com
东山精密,www.dsbj.com
大北农,www.dbn.com.cn
天原集团,www.ybty.com
维信诺,www.visionox.com
新亚制程,www.sunyes.cn
航天彩虹,www.nykj.cc
信邦制药,www.xinbang.com
长青股份,www.jscq.com
北京利尔,www.bjlirr.com
力生制药,www.lishengpharma.com
联发股份,www.lianfa.cn
双象股份,www.sxcxgf.com
星网锐捷,www.star-net.cn
梦洁股份,www.mendale.com.cn
垒知集团,www.lets.com
海普瑞,www.hepalink.com
省广集团,www.gimc.cn
中远海科,tech.coscoshipping.com
和而泰,www.szhittech.com
爱仕达,www.chinaasd.com
嘉欣丝绸,www.chinesesilk.cn
四维图新,www.navinfo.com
远东传动,www.yodonchina.com
多氟多,www.dfdchem.com
齐翔腾达,www.qxtdgf.com
雅克科技,www.yokechem.com
广联达,www.glodon.com
延安必康,www.bikang.com.cn
汉森制药,www.hansenzy.com
雷科防务,www.racodf.com
高德红外,www.wuhan-guide.com
海康威视,www.hikvision.com
爱施德,www.aisidi.com
深南股份,www.sunafin.com
*ST康盛,www.kasun.cn
天虹股份,www.rainbow.cn
ST毅昌,www.echom.com
达实智能,www.chn-das.com
科伦药业,www.kelun.com
中粮资本,www.cofco-capital.com
贵州百灵,www.gzbl.com
凯撒文化,www.kaiser.com.cn
*ST胜利,www.vicsz.com
ST尤夫,www.unifull.com
云南锗业,www.sino-ge.com
兆驰股份,www.szmtc.com.cn
杭氧股份,www.hangyang.com
棕榈股份,www.palm-la.com
九安医疗,www.jiuan.com
太安堂,www.tatonline.net
万里扬,www.zjwly.com
长江健康,www.cjrfjx.com
兴森科技,www.chinafastprint.com
誉衡药业,www.gloria.cc
江苏神通,www.stfm.cn
启明星辰,www.venustech.com.cn
闰土股份,www.runtuchem.com
众业达,www.zyd.cn
龙星化工,www.hb-lx.com.cn
金洲管道,www.chinakingland.com
巨星科技,www.greatstartools.com
*ST中南,www.znhi.com.cn
盛路通信,www.shenglu.com
*ST晨鑫,www.morningstarnet.com
中原内配,www.hnzynp.com
国星光电,www.nationstar.com
*ST康得,www.kangdexin.com
摩恩电气,www.mornelectric.com
长高集团,www.changgaogroup.com
华软科技,www.gcstgroup.com
松芝股份,www.shsongz.com.cn
百川股份,www.bcchem.com
欧菲光,www.ofilm.com
青龙管业,www.qlgd.com.cn
益生股份,www.yishenggufen.com
晶澳科技,www.jasolar.com
赣锋锂业,www.ganfenglithium.com
珠江啤酒,www.zhujiangbeer.com
嘉事堂,www.cachet.com.cn
沪电股份,www.wuscn.com
众应互联,www.wholeasy.com
海格通信,www.haige.com
天齐锂业,www.tianqilithium.com
二六三,www.net263.com
申通快递,www.sto.cn
三维工程,www.sdsunway.com.cn
*ST金正,www.kingenta.com
中超控股,www.zcdlgf.com
双环传动,www.gearsnet.com
榕基软件,www.rongji.com
立讯精密,www.luxshare-ict.com
宝莫股份,www.slcapam.com
常宝股份,www.cbsteeltube.com
富春环保,www.zhefuet.com
新筑股份,www.xinzhu.com
双塔食品,www.shuangtafood.com
广田集团,www.szgt.com
润邦股份,www.rainbowco.com.cn
江海股份,www.jianghai.com
希努尔,www.sinoer.com
嘉麟杰,www.challenge-21c.com
大金重工,dajin.cn
金固股份,www.jgwheel.com
浙江永强,www.yotrio.com
山东墨龙,www.molonggroup.com
通鼎互联,www.tdgd.com.cn
恒基达鑫,www.winbase-tank.com
荣盛石化,www.cnrspc.com
华斯股份,www.huasikonggu.com
佳隆股份,gdjlfood.com
*ST辉丰,www.hfagro.com
雅化集团,www.scyahua.com
汉缆股份,www.hanhe-cable.com
*ST科林,www.kelin-environment.com
山西证券,www.sxzq.com
*ST利源,www.liyuanlvye.com
*ST鼎龙,www.huawei-stock.com
搜于特,www.souyute.com
弘高创意,www.honggao.com.cn
大康农业,www.dkifa.com
协鑫集成,www.gclsi.com
涪陵榨菜,www.flzc.com
老板电器,www.robam.com
天汽模,www.tqm.cn
中顺洁柔,www.zhongshungroup.com
达华智能,www.twh.com.cn
*ST蓝丰,www.jslanfeng.com
宝馨科技,www.boamax.com
金字火腿,www.jinzichina.com
旷达科技,www.kuangdacn.com
恺英网络,www.kingnet.com
科士达,www.kstar.com.cn
银河电子,www.yinhe.com
日发精机,www.rifapm.com
齐峰新材,www.qifeng.cn
浙江众成,www.zjzhongda.com
天桥起重,www.tqcc.cn
光正眼科,www.gzss.cc
山东矿机,www.sdkjjt.com
新时达,www.stepelectric.com
英飞拓,www.infinova.com.cn
*ST海源,www.haiyuan-group.com
金财互联,www.fengdong.com
天顺风能,www.titanwind.com.cn
天山铝业,www.xjtsly.net
金杯电工,www.gold-cup.cn
杭锅股份,www.chinaboilers.com
*ST林重,www.lzzj.com
飞龙股份,www.flacc.com
海联金汇,www.haili.com.cn
司尔特,www.sierte.com
云图控股,www.wintrueholding.com
亚太科技,www.yatal.com
鸿路钢构,www.hong-lu.com
中化岩土,www.cge.com.cn
万和电气,www.vanward.com
杰赛科技,www.chinagci.com
东方铁塔,www.qddftt.cn
新联电子,www.xldz.com
春兴精工,www.chunxing-group.com
金新农,www.kingsino.cn
凯美特气,www.china-kmt.com
千红制药,www.qhsh.com.cn
尚荣医疗,www.glory-medical.com.cn
宝鼎科技,www.baoding-tech.com
南方轴承,www.nf-bearings.com
惠博普,www.china-hbp.com
三七互娱,www.37wan.net
辉隆股份,www.ahamp.com
洽洽食品,www.qiaqiafood.com
巨人网络,www.ga-me.com
亚威股份,www.yawei.cc
通达股份,www.hntddl.com
徐家汇,www.xjh-sc.com
兄弟科技,www.brother.com.cn
森马服饰,www.semirbiz.com
天沃科技,www.thvow.com
顺灏股份,www.shunhaostock.com
益盛药业,www.yisheng-pharm.com
唐人神,www.trsgroup.com.cn
百润股份,www.bairun.net
ST步森,www.busen.cn
贝因美,www.beingmate.com
德力股份,www.deliglass.com
索菲亚,www.sfygroup.com
清新环境,www.qingxin.com.cn
明牌珠宝,www.mingr.com
*ST群兴,www.sz002575.com
通达动力,www.tdchina.com
雷柏科技,www.rapoo.cn
闽发铝业,www.minfa.com
中京电子,www.ceepcb.com
圣阳股份,www.sacredsun.cn
未名医药,www.sinobiowaymed.com.cn
好想你,www.haoxiangni.cn
海能达,www.hytera.com
西陇科学,www.xilongs.com
双星新材,www.shuangxingcaisu.com
*ST围海,www.weihaigufen.com.cn
奥拓电子,www.aoto.com
史丹利,www.shidanli.cn
瑞康医药,www.realcan.cn
万安科技,www.vie.com.cn
恒大高新,www.heng-da.com
ST八菱,www.baling.com.cn
日上集团,www.sunrise-ncc.com
比亚迪,www.byd.com.cn
豪迈科技,www.haomaikeji.com
海南瑞泽,www.hnruize.com
金禾实业,www.jinheshiye.com
山东章鼓,www.blower.cn
盛通股份,www.shengtongprint.com
领益智造,www.lingyiitech.com
龙蟒佰利,www.lomonbillions.com
世纪华通,www.sjhuatong.com
以岭药业,www.yiling.cn
姚记科技,www.yaojikeji.com
大连电瓷,www.insulators.cn
中公教育,www.offcn.com
江苏国信,jsgxgf.com
捷顺科技,www.jieshun.cn
爱康科技,www.akcome.com
东方精工,www.df-global.cn
朗姿股份,www.lancygroup.com
北玻股份,www.northglass.com
奥佳华,www.easepal.com.cn
哈尔斯,www.haersgroup.com
长青集团,www.chinachant.com
露笑科技,www.roshowtech.com
丹邦科技,www.danbang.com
艾格拉斯,www.egls.cn
瑞和股份,www.sz-ruihe.com
美吉姆,www.mygymchina.com
融钰集团,www.royalholding.cn
亚玛顿,www.czamd.com
完美世界,www.pwrd.com
光启技术,www.kc-t.cn
金达威,www.kingdomway.com
宜昌交运,www.ycjyjt.com
成都路桥,www.cdlq.com
ST仁智,www.chinarenzhi.com
华西能源,www.cwpc.com.cn
德尔未来,www.der.com.cn
道明光学,www.chinadaoming.com
申科股份,www.shenke.com
棒杰股份,www.bangjie.cn
安洁科技,www.anjiesz.com
金安国纪,www.goldenmax.cn
赞宇科技,www.zanyu.com
*ST勤上,www.kingsun-china.com
雪人股份,www.snowkey.com
跨境通,www.kjtbao.com
永高股份,www.era.com.cn
荣联科技,www.ronglian.com
万润股份,www.valiant.cecep.cn
佛慈制药,www.fczy.com
华宏科技,www.hhyyjx.net
青青稞酒,www.qkj.com.cn
仁东控股,www.rendongholdings.com
卫星石化,www.satlpec.com
博彦科技,www.beyondsoft.com
ST加加,www.jiajiagroup.com
利君股份,www.cdleejun.com
扬子新材,www.yzjnm.com
海思科,www.haisco.com
万润科技,www.masonled.com
共达电声,www.gettopacoustic.com
ST摩登,www.modernavenuegroup.com
中科金财,www.sinodata.net.cn
雪迪龙,www.chsdl.com
凯文教育,www.kaiwenedu.com
茂硕电源,www.mosopower.com
克明面业,www.kemen.cn
京威股份,www.beijing-wkw.com
普邦股份,www.pblandscape.com
长鹰信质,www.chinaxinzhi.com
首航高科,www.sh-ihw.com
德联集团,www.delian.cn
鞍重股份,www.anheavy.com
奥马电器,www.homa.cn
康达新材,www.shkdchem.com
国盛金控,www.gsfins.com
龙泉股份,www.lq-pipe.cn
东江环保,www.dongjiang.com.cn
西部证券,www.westsecu.com
兴业科技,www.xingyeleather.com
东诚药业,www.dcb-group.com
顺威股份,www.sunwill.com.cn
浙江美大,www.meida.com
珠江钢琴,www.pearlriverpiano.com
福建金森,www.jinsenforestry.com
*ST奋达,www.fenda.com
龙洲股份,www.lzgf.cn
宏大爆破,www.hdbp.com
ST猛狮,www.dynavolt.net
华东重机,www.hdhm.com
亿利达,www.yilida.com
乔治白,www.giuseppe.cn
金河生物,www.jinhe.com.cn
远大智能,www.bltelevator.com.cn
美亚光电,www.chinameyer.com
冀凯股份,www.jikaigf.com
ST远程,www.yccable.cn
双成药业,www.shuangchengmed.com
顾地科技,www.goody.com.cn
煌上煌,www.jxhsh.com.cn
百洋股份,www.baiyang.com
红旗连锁,www.hqls.com
博实股份,www.boshi.cn
美盛文化,www.chinarising.com.cn
ST浩源,www.hytrq.com
奥瑞金,www.orgtech.cn
海欣食品,www.haixinfoods.com
浙江世宝,www.zjshibao.com
新宝股份,www.donlim.com
良信股份,www.sh-liangxin.com
众信旅游,www.uzai.com
光洋股份,www.nrb.com.cn
天赐材料,www.tinci.com
*ST欧浦,www.oupuzw.com
思美传媒,www.simei.cc
东易日盛,www.dyrs.cn
牧原股份,www.muyuanfoods.com
登云股份,www.huaijivalve.com
*ST金贵,www.jingui-silver.com
岭南股份,www.lingnan.cn
友邦吊顶,www.chinayoubang.com
*ST麦趣,www.maiquer.cn
金一文化,www.king1.com.cn
金轮股份,www.geron-china.com
金莱特,www.kennede.com
海洋王,www.haiyangwang.com
跃岭股份,www.yueling.com.cn
龙大肉食,www.longdameat.com
一心堂,www.hx8886.com
特一药业,www.tczy.com.cn
好利来,www.hollyfuse.com
电光科技,www.dianguang.com
萃华珠宝,www.chjd.com.cn
燕塘乳业,www.yantangmilk.com
雄韬股份,www.senry-batt.com
利民股份,www.chinalimin.com
王子新材,www.szwzxc.com
国信证券,www.guosen.com.cn
葵花药业,www.kuihuayaoye.com
中矿资源,sinomine.cn
万达电影,www.wandafilm.com
爱迪尔,www.idr.com.cn
光华科技,www.ghtech.com
三圣股份,www.cqssgf.com
富煌钢构,www.fuhuang.cn
木林森,www.zsmls.com
仙坛股份,www.sdxiantan.com
埃斯顿,www.estun.com
世龙实业,www.chinaselon.com
国光股份,www.scggic.com
龙津药业,www.longjin.com.cn
易尚展示,www.es-display.com
昇兴股份,www.shengxingholdings.com
永东股份,www.sxydhg.com
奥赛康,www.ask-pharm.com
永兴材料,www.yongxingbxg.com
南兴股份,www.nanxing.com.cn
华通医药,www.sxhtyy.net
天际股份,www.tonze.com
凤形股份,www.fengxing.com
多喜爱,www.cnzgc.com
金发拉比,www.jflabi.com
汇洁股份,www.huijiegroup.com
蓝黛科技,www.cqld.com
ST索菱,www.szsoling.com
先锋电子,www.innover.com
国恩股份,www.qdgon.com
普路通,www.prolto.com
ST科迪,www.kedidairy.com
真视通,www.bjzst.cn
众兴菌业,www.tszxjy.cn
康弘药业,www.cnkh.com
快意电梯,www.ifelift.com
文科园林,www.wkyy.com
柏堡龙,www.bobaolon.net
久远银海,www.yinhai.com
高科石化,www.jsgaoke.com
中坚科技,www.topsunpower.cc
三夫户外,www.sanfo.com
奇信股份,www.qxholding.com
可立克,www.clickele.com
凯龙股份,www.hbklgroup.cn
万里石,www.wanlistone.com
银宝山新,www.silverbasis.com
华源控股,www.huayuan-print.com
鹭燕医药,www.luyan.com.cn
建艺集团,www.jyzs.com.cn
瑞尔特,www.rtplumbing.com
坚朗五金,www.kinlong.com
通宇通讯,www.tycc.cn
罗欣药业,www.luoxin.cn
永和智控,www.yhvalve.com
世嘉科技,www.sz-shijia.com
第一创业,www.firstcapital.com.cn
帝欧家居,www.monarch-sw.com
环球印务,www.globalprinting.cn
天顺股份,www.xjtsscm.com
微光股份,www.wgmotor.com
洪汇新材,www.wuxihonghui.com
吉宏股份,www.jihong.cn
丰元股份,www.fengyuanhuaxue.com
华锋股份,www.c-hfcc.com
江阴银行,www.jybank.com.cn
恒久科技,www.sgt21.com
红墙股份,www.redwall.com.cn
山东赫达,www.sdhead.com
郑中设计,www.atgcn.com
恩捷股份,www.cxxcl.cn
路畅科技,www.roadrover.cn
崇达技术,www.suntakpcb.com
和科达,www.hkdholding.com
黄山胶囊,www.hsjn.com
富森美,www.fsmjj.cn
东方中科,www.jicheng.net.cn
桂发祥,www.gfx.com.cn
凯莱英,www.asymchem.com/cn
中装建设,www.zhongzhuang.com
凯中精密,www.kaizhong.com
和胜股份,www.hoshion.com
纳尔股份,www.nar.com.cn
易明医药,www.emyy.cn
高争民爆,www.xzmbgf.com
贝肯能源,www.beiken.com
星网宇达,www.starneto.com
名雕股份,www.mingdiao.com.cn
裕同科技,www.szyuto.com
比音勒芬,www.biemlf.com
弘亚数控,www.kdtmac.com
同为股份,www.tvt.net.cn
新宏泽,www.newglp.com
英维克,www.envicool.com
道恩股份,www.dawnprene.com
张家港行,www.zrcbank.com
华统股份,www.huatongmeat.com
视源股份,www.cvte.com
翔鹭钨业,www.xl-tungsten.com
泰嘉股份,www.bichamp.com
同兴达,www.txdkj.com
英联股份,www.enpackcorp.com
盐津铺子,www.yanjinpuzi.com
高斯贝尔,www.gospell.com
威星智能,www.viewshine.cn
科达利,www.kedali.com.cn
麦格米特,www.megmeet.com
道道全,www.ddqly.com
皮阿诺,www.pianuo.net
捷荣技术,www.chitwing.com
美芝股份,www.szmeizhi.com
三晖电气,www.cnsms.com
力盛赛车,www.lsracing.cn
洁美科技,www.jmkj.com
星帅尔,www.hzstarshuaier.com
瀛通通讯,www.yingtong-wire.com
实丰文化,www.sunfuntoys.com
今飞凯达,www.jfkd.com.cn
盘龙药业,www.pljt.com
钧达股份,www.drinda.com.cn
传艺科技,www.transimage.cn
周大生,www.chowtaiseng.com
绿康生化,www.pclifecome.com
金溢科技,www.genvict.com
香山股份,www.senssun.com
伟隆股份,www.weilongvalve.com
ST天圣,www.tszy.com
新天药业,www.gyxtyy.com
安奈儿,www.annil.com
三利谱,www.sunnypol.com
智能自控,www.wuxismart.com
元隆雅图,www.ylyato.com
长缆科技,www.csdlfj.com
卫光生物,www.szwg.com
美格智能,www.meigsmart.com
金龙羽,www.szjly.com
中设股份,www.jszs-group.com
凌霄泵业,www.lingxiao.com.cn
京泉华,www.everrise.net
沃特股份,www.wotlon.com
绿茵生态,www.tjloving.com
惠威科技,www.hivi.com
东方嘉盛,www.easttop.com.cn
弘宇股份,www.sdhynj.net
中宠股份,www.wanpy.com.cn
科力尔,www.kelimotor.com
华通热力,www.huatongreli.com
川恒股份,www.chanphos.com
中大力德,www.zd-motor.com
意华股份,www.czt.cn
赛隆药业,www.sailong.cn
英派斯,www.impulsefitness.com
哈三联,www.medisan.com.cn
大博医疗,www.double-medical.com
铭普光磁,www.mnc-tek.com
宇环数控,www.yh-cn.com
金逸影视,www.jycinema.com
华阳集团,www.foryougroup.com
华森制药,www.pharscin.com
德生科技,www.e-tecsun.com
集泰股份,www.jointas.com
庄园牧场,www.lzzhuangyuan.com
佛燃能源,www.fsgas.com
中新赛克,www.sinovatio.com
奥士康,www.askpcb.com
中欣氟材,www.zxchemgroup.com
深南电路,www.scc.com.cn
金奥博,www.kingexplorer.com
蒙娜丽莎,www.monalisa.com.cn
名臣健康,www.mingchen.com.cn
德赛西威,www.desaysv.com
联诚精密,www.lmc-ind.com
伊戈尔,www.eaglerise.com
润都股份,www.rdpharma.cn
盈趣科技,www.intretech.com
华西证券,www.hx168.com.cn
泰永长征,www.tyt.net
华夏航空,www.chinaexpressair.com
润建股份,www.rjtx.net
宏川智慧,www.grsl.cn
锋龙股份,www.fenglong.com
明德生物,www.mdeasydiagnosis.com
新兴装备,www.eeae.com.cn
天奥电子,www.elecspn.com
郑州银行,www.zzbank.cn
兴瑞科技,www.zxec.com
鹏鼎控股,www.avaryholding.com
长城证券,www.cgws.com
昂利康,www.alkpharm.com
新疆交建,www.xjjtjt.com
新农股份,www.xnchem.com
宇晶股份,www.yj-cn.com
华林证券,www.chinalin.com
新乳业,www.newhopedairy.cn
恒铭达,www.hengmingda.com
青岛银行,www.qdccb.com
华阳国际,www.capol.cn
奥美医疗,cn.allmed-china.com
金时科技,www.jinshigp.com
亚世光电,www.yes-lcd.com
日丰股份,www.rfcable.com.cn
鸿合科技,www.honghe-tech.com
西麦食品,www.seamild.com.cn
科瑞技术,www.colibri.com.cn
青农商行,www.qrcb.com.cn
小熊电器,www.bears.com.cn
青鸟消防,www.jbufa.com
瑞达期货,www.rdqh.com
五方光电,www.w-olf.com
豪尔赛,www.haoersai.com
祥鑫科技,www.luckyharvest.cn
苏州银行,www.suzhoubank.com
广电计量,www.grgtest.com
新大正,www.dzwy.com
嘉美包装,www.chinafoodpack.com
锐明技术,www.streamax.com
和远气体,www.hbhy-gas.com
科安达,www.keanda.com.cn
侨银环保,www.gzqiaoyin.com
博杰股份,www.zhbojay.com
瑞玛工业,www.cheersson.com
天箭科技,www.cdtjkj.com
安宁股份,www.scantt.com
雷赛智能,www.leisai.com
华盛昌,www.cem-instruments.com
朝阳科技,www.risuntek.com
湘佳股份,www.xiangjiamuye.com
芯瑞达,www.coreach.com.cn
森麒麟,www.senturytire.com.cn
北摩高科,www.bjgk.com
宇新股份,www.yussen.com.cn
京北方,www.northking.net
豪美新材,www.haomei-alu.com
中天精装,www.ztjzgf.net
盛视科技,www.maxvision.com.cn
甘源食品,www.ganyuanfood.com
宝明科技,www.bmseiko.com
奥海科技,www.aohaichina.com
天地在线,www.372163.com
顺博合金,www.soonbest.com
瑞鹄模具,www.rayhoo.net
优彩资源,www.elitecolor.cn
天禾股份,www.gd-tianhe.com
华文食品,www.huawenshipin.com
中岩大地,www.zydd.com
壶化股份,www.shanxihuhua.com
天元股份,www.gdtengen.com
竞业达,www.jyd.com.cn
百亚股份,www.baiya.cn
直真科技,www.zznode.com
开普检测,www.ketop.cn
中天火箭,www.zthj.com
若羽臣,www.gzruoyuchen.com
海象新材,www.haixiang.com.cn
东鹏控股,www.dongpeng.net
地铁设计,www.gmdi.cn
日久光电,www.rnafilms.cn
欣贺股份,www.xinhee.cn
大洋生物,www.dyhg.com
金富科技,www.jinfu-group.com
宸展光电,www.tes-tec.com
中国广核,www.cgnp.com.cn
特锐德,www.tgood.cn
神州泰岳,www.ultrapower.com.cn
乐普医疗,www.lepumedical.com
南风股份,www.ntfan.com
探路者,www.toread.com.cn
莱美药业,www.cqlummy.com
汉威科技,www.hanwei.cn
天海防务,www.bestwaysh.com
安科生物,www.ankebio.com
豆神教育,www.lanxum.com
鼎汉技术,www.dinghantech.com
华测检测,www.cti-cert.com
新宁物流,www.xinning.com.cn
亿纬锂能,www.evebattery.com
爱尔眼科,www.aierchina.com
北陆药业,www.beilu.com.cn
网宿科技,www.wangsu.com
中元股份,www.zyhd.com.cn
硅宝科技,www.guibao.cn
银江股份,www.enjoyor.net
大禹节水,www.dyjs.com
吉峰科技,www.gifore.com
宝德股份,www.bode-e.com
机器人,www.siasun.com
华星创业,www.hxcy.com.cn
红日药业,www.chasesun.cn
华谊兄弟,www.huayimedia.com
ST天龙,www.hstl.cn
阳普医疗,www.improve-medical.com
宝通科技,www.botontech.cn
金龙机电,www.kotl.com.cn
同花顺,www.10jqka.com.cn
钢研高纳,www.cisri-gaona.com.cn
中科电气,www.cseco.cn
超图软件,www.supermap.com.cn
新宙邦,www.capchem.com
数知科技,www.shuzhi.ai
上海凯宝,www.xykb.com
九洲集团,www.jez.com.cn
回天新材,www.huitian.net.cn
朗科科技,www.netac.com.cn
星辉娱乐,www.rastar.com
赛为智能,www.szsunwin.com
华力创通,www.hwacreate.com.cn
台基股份,www.tech-sem.com
天源迪科,www.tydic.com
合康新能,www.hiconics.com
福瑞股份,www.fu-rui.com
世纪鼎利,www.dingli.com
三五互联,www.35.com
中青宝,www.zqgame.com
欧比特,www.myorbita.net
鼎龙股份,www.dl-kg.com
万邦达,www.waterbd.cn
中创环保,www.savings.com.cn
万顺新材,www.wanshun.cn
蓝色光标,www.bluefocusgroup.com
东方财富,www.eastmoney.com
旗天科技,www.qt300061.com
中能电气,www.ceepower.com
天龙集团,www.tloongroup.com
ST金刚,www.sinocrystal.com.cn
海兰信,www.highlander.com.cn
三川智慧,www.ytsanchuan.com
安诺其,www.anoky.com.cn
南都电源,www.naradapower.com
金利华电,www.jlhdq.com
碧水源,www.originwater.com
华谊嘉信,www.spearhead.com.cn
三聚环保,www.sanju.cn
当升科技,www.easpring.com.cn
华平股份,www.avcon.com.cn
数字政通,www.egova.com.cn
GQY视讯,www.gqy.com.cn
国民技术,www.nationz.com
思创医惠,www.sichuangyihui.com.cn
数码科技,www.sumavision.com
易成新能,www.ycne.com.cn
恒信东方,www.hxgro.com
奥克股份,www.oxiranchem.com
创世纪,www.januscn.com
海默科技,www.haimo.com.cn
银之杰,www.yinzhijie.com
康芝药业,www.honz.com.cn
荃银高科,www.winallseed.com
长信科技,www.tokengroup.com
文化长城,www.thegreatwall-china.com
金通灵,www.jtlfans.com
科新机电,www.sckxjd.com
金刚玻璃,www.golden-glass.com
国联水产,www.guolian.cn
华伍股份,www.hua-wu.com
易联众,www.ylzinfo.com
智云股份,www.zhiyun-cn.com
高新兴,www.gosuncn.com
精准信息,www.uroica.com.cn
双林股份,www.shuanglin.com
振芯科技,www.corpro.cn
乾照光电,www.changelight.com.cn
达刚控股,www.sxdagang.com
龙源技术,lyjs.chnenergy.com.cn
西部牧业,www.xjxbmy.com
建新股份,www.jianxinchemical.com
吉药控股,www.jiyaogroup.com
新开源,www.nkygroup.cn
华仁药业,www.qdhuaren.com
向日葵,www.sunowe.com
万讯自控,www.maxonic.com.cn
顺网科技,www.shunwang.com
中航电测,www.zemic.com.cn
长盈精密,www.ewpt.cn
保力新,www.xajr.com
嘉寓股份,www.jayugroup.com
东方日升,www.risenenergy.com
瑞普生物,www.ringpu.com
经纬辉开,www.jwdc.cn
阳谷华泰,www.yghuatai.com
智飞生物,www.zhifeishengwu.com
亚光科技,www.ygkjgroup.com
汇川技术,www.inovance.cn
聆达股份,www.lingdagroup.com.cn
锐奇股份,www.ken-tools.com
银河磁体,www.galaxymagnets.com
锦富技术,www.szjin-fu.com
泰胜风能,www.shtsp.com
新国都,www.xgd.com
英唐智控,www.yitoa.com
青松股份,www.greenpine.cc
华策影视,www.huacemedia.com
大富科技,www.tatfook.com
宝利国际,www.baolijt.cn
信维通信,www.sz-sunway.com.cn
先河环保,www.sailhero.com.cn
晨光生物,www.cn-cg.com
晓程科技,www.xiaocheng.com
中环装备,www.zhzb.cecep.cn
和顺电气,www.cnheshun.com
沃森生物,www.walvax.com
盈康生命,www.300143.net
宋城演艺,www.chinascyy.com
中金环境,www.nfzje.com
汤臣倍健,www.by-health.com
香雪制药,www.xphcn.com
天舟文化,www.t-angel.com
睿智医药,www.cppt.com.cn
世纪瑞尔,www.c-real.com.cn
昌红科技,www.sz-changhong.com
科融环境,www.kre.cn
科泰电源,www.cooltechsh.com
瑞凌股份,www.riland.com.cn
安居宝,www.anjubao.com
恒泰艾普,www.ldocean.com.cn
振东制药,www.zdjt.com
新研股份,www.xjjxy.com.cn
秀强股份,www.jsxq.com
华中数控,www.huazhongcnc.com
雷曼光电,www.ledman.com
先锋新材,www.aplus.cn
通源石油,www.tongoiltools.com
天瑞仪器,www.skyray-instrument.com
东方国信,www.bonc.com.cn
迪威迅,www.dvision.cn
万达信息,www.wondersgroup.com
天晟新材,www.tschina.com
汉得信息,www.hand-china.com
东富龙,www.tofflon.com
中电环保,www.ce-ep.com
福能东方,www.fnorient.com
元力股份,www.yuanlicarbon.com
朗源股份,www.lontrue.com
派生科技,www.hongteo.com.cn
中海达,www.hi-target.com.cn
腾邦国际,www.feiren.com
四方达,www.sf-diamond.com
华峰超纤,microfibre.huafeng.com
佐力药业,www.jolly.com.cn
捷成股份,www.jetsen.com.cn
东软载波,www.eastsoft.com.cn
力源信息,www.icbase.com
通裕重工,www.tongyuheavy.com
永清环保,www.yonker.com.cn
美亚柏科,www.300188.cn
神农科技,www.sndf.com.cn
维尔利,www.wellegroup.com
潜能恒信,www.sinogeo.com
科斯伍德,www.szkinks.com
佳士科技,www.jasic.com.cn
福安药业,www.fapharm.com
长荣股份,www.mkmchina.com
长海股份,www.changhaigfrp.com
铁汉生态,www.sztechand.com
纳川股份,www.nachuan.com
翰宇药业,www.hybio.com.cn
高盟新材,www.co-mens.com
海伦哲,www.xzhlz.com
聚龙股份,www.julong.cc
聚光科技,www.fpi-inc.com
舒泰神,www.staidson.com
天喻信息,www.whty.com.cn
理邦仪器,www.edan.com
欣旺达,www.sunwoda.com
青岛中程,www.qdzzzc.com
天泽信息,www.tiza.com.cn
森远股份,www.assyrb.com
亿通科技,www.yitong-group.com
易华录,www.ehualu.com
佳讯飞鸿,www.jiaxun.com
日科化学,www.rikechem.com
电科院,www.eeti.com.cn
东方电热,www.dongfang-heater.com
安利股份,www.chinapuleather.com
鸿利智汇,www.honglitronic.com
金运激光,www.goldenlaser.cn
银禧科技,www.silverage.cn
科大智能,www.csg.com.cn
北京君正,www.ingenic.com
正海磁材,www.zhmag.com
金力泰,www.knt.cn
上海钢联,www.mysteel.com
光韵达,www.sunshine-laser.com
富瑞特装,www.furuise.com
拓尔思,www.trs.com.cn
永利股份,www.yonglibelt.com
银信科技,www.trustfar.cn
洲明科技,www.unilumin.cn
金城医药,www.jinchengpharm.com
开尔新材,www.zjke.com
方直科技,www.kingsunedu.com
上海新阳,www.sinyang.com.cn
美晨生态,www.meichen.cc
冠昊生物,www.guanhaobio.com
东宝生物,www.dongbaoshengwu.com
飞力达,www.feiliks.com
瑞丰光电,www.refond.com
佳云科技,www.kaisacloud.com
瑞丰高材,www.ruifengchemical.com
迪安诊断,www.dazd.cn
天玑科技,www.dnt.com.cn
宝莱特,www.blt.com.cn
融捷健康,www.lekingwellness.com
新开普,www.newcapec.com.cn
依米康,www.ymk.com.cn
初灵信息,www.cncr-it.com
光线传媒,www.ewang.com
金信诺,www.kingsignal.com
卫宁健康,www.winning.com.cn
仟源医药,www.cy-pharm.com
常山药业,www.hbcsbio.com
星星科技,www.first-panel.com
开山股份,www.kaishancomp.com
精锻科技,www.ppforging.com
新天科技,www.suntront.com
新莱应材,www.kinglai.com.cn
雅本化学,www.abachem.com
巴安水务,www.safbon.com
隆华科技,www.lhkjjt.com
佳创视讯,www.avit.com.cn
通光线缆,www.tgjt.cn
兴源环境,www.xingyuan.com
尔康制药,www.hnerkang.com
佳沃股份,www.agrijoyvio.com
联建光电,www.lcjh.com
中威电子,www.joyware.com
华宇软件,www.thunisoft.cn
开能健康,www.canature.com
和佳医疗,www.hokai.com
阳光电源,www.sungrowpower.com
梅安森,www.cqmas.com
三丰智能,www.cnsanf.com
海联讯,www.hirisun.com
华昌达,www.hchd.com.cn
和晶科技,www.hodgen-china.com
紫天科技,www.ntdy.com.cn
金明精机,www.jmjj.com
三盛教育,www.ssedu.com
温州宏丰,www.wzhf.com
苏交科,www.jsti.com
国瓷材料,www.sinocera.cn
安科瑞,www.acrel.cn
飞利信,www.philisense.com
朗玛信息,www.longmaster.com.cn
利德曼,www.leadmanbio.com
荣科科技,www.bringspring.com
华录百纳,www.hlbn.cc
吴通控股,www.cnwutong.com
蓝英装备,www.chnsbs.net
博雅生物,www.china-boya.com
三六五网,www.house365.com
利亚德,www.leyard.com
蓝盾股份,www.bluedon.com
三诺生物,www.sinocare.com
富春股份,www.forcom.com.cn
海峡创新,www.hxcx.com.cn
长方集团,www.cfled.com
同有科技,www.toyou.com.cn
聚飞光电,www.jfled.com.cn
云意电气,www.yunyi-china.com
裕兴股份,www.czyuxing.com
远方信息,www.everfine.cn
慈星股份,www.ci-xing.com
中际旭创,www.zj-innolight.com
吉艾科技,www.gi-tech.cn
宜通世纪,www.etonetech.com
任子行,www.1218.com.cn
邦讯技术,www.boomsense.com
天山生物,www.xjtssw.com
戴维医疗,www.nbdavid.com
掌趣科技,www.ourpalm.com
晶盛机电,www.jsjd.cc
珈伟新能,www.jiawei.com
博晖创新,www.bohui-tech.com
麦捷科技,www.szmicrogate.com
海达股份,www.haida.cn
同大股份,www.td300321.com
硕贝德,www.speed-hz.com
华灿光电,www.hcsemitek.com
旋极信息,www.watertek.com
德威新材,www.chinadewei.com
凯利泰,www.kineticmedinc.com.cn
中颖电子,www.sinowealth.com
宜安科技,www.e-ande.com
海伦钢琴,www.hailunpiano.com
华虹计通,www.huahongjt.com
苏大维格,www.svgoptronics.com
天壕环境,www.trce.com.cn
兆日科技,www.sinosun.com.cn
津膜科技,www.motimo.com
迪森股份,www.devotiongroup.com
新文化,www.ncmedia.com.cn
银邦股份,www.cn-yinbang.com
开元股份,www.kaiyuangufen.cn
润和软件,www.hoperun.com
科恒股份,www.keheng.com.cn
麦克奥迪,www.motic-electric.com
天银机电,www.tyjd.cc
联创股份,www.lecron.cn
太空智造,www.taikongintel.com
华民股份,www.huaminchina.cn
南大光电,www.natachem.com
泰格医药,www.tigermedgrp.com
长亮科技,www.sunline.cn
金卡智能,www.jinka.cn
华鹏飞,www.huapengfei.com
永贵电器,www.yonggui.com
北信源,www.vrv.com.cn
东土科技,www.kyland.com.cn
东华测试,www.dhtest.com
蒙草生态,www.mengcao.com
光一科技,www.elefirst.com
我武生物,www.wolwobiotech.com
楚天科技,www.truking.cn
全通教育,www.qtone.cn
炬华科技,www.sunrisemeter.com
天翔环境,www.techcent.cn
博腾股份,www.porton.cn
中文在线,www.col.com
恒华科技,www.ieforever.com
创意信息,www.troy.cn
ST网力,www.netposa.com
汇金股份,www.hjjs.com
绿盟科技,www.nsfocus.com
安控科技,www.etrol.com
汇中股份,www.huizhong.co
扬杰科技,www.21yangjie.com
中铁装配,www.htcxms.com
鹏翎股份,www.pengling.cn
易事特,www.eastups.com
赢时胜,www.ysstech.com
鼎捷软件,www.digiwin.com
东方通,www.tongtech.com
安硕信息,www.amarsoft.com
溢多利,www.yiduoli.com
斯莱克,www.slac.com.cn
光环新网,www.sinnet.com.cn
三联虹普,www.slhpcn.com
雪浪环境,www.cecm.com.cn
飞天诚信,www.ftsafe.com.cn
富邦股份,www.forbon.com
国祯环保,www.gzep.com.cn
艾比森,www.absen.com
天华超净,www.canmax.com.cn
康跃科技,www.chinakangyue.com
腾信股份,www.tensynchina.com
中来股份,www.jolywood.cn
天孚通信,www.tfcsz.com
菲利华,www.feilihua.com
迪瑞医疗,www.dirui.com.cn
天和防务,www.thtw.com.cn
飞凯材料,www.phichem.com.cn
京天利,www.ihandy.cn
劲拓股份,www.jt-ele.com
花园生物,www.hybiotech.com
宝色股份,www.baose.com
汉宇集团,www.idearhanyu.com
博济医药,www.gzboji.com
科隆股份,www.kelongchem.com
九强生物,www.bsbe.com.cn
凯发电气,www.keyvia.cn
三环集团,www.cctc.cc
道氏技术,www.dowstone.com.cn
正业科技,www.zhengyee.com
金盾股份,www.jindunfan.com
迦南科技,www.china-jianan.com
芒果超媒,www.happigo.com
中光防雷,www.zhongguang.com
伊之密,www.yizumi.com
苏试试验,www.chinasti.com
南华仪器,www.nanhua.com.cn
昆仑万维,www.kunlun.com
浩丰科技,www.interact.net.cn
五洋停车,www.wuyangkeji.com
力星股份,www.jgbr.com.cn
博世科,www.bossco.cc
昇辉科技,www.luyitong.com
航新科技,www.hangxin.com
中建环能,www.scimee.com
唐德影视,www.tangde.com.cn
红相股份,www.redphase.com.cn
四通新材,www.stnm.com.cn
强力新材,www.tronly.com
诚益通,www.ctntech.com
富临精工,www.fulinpm.com
蓝思科技,www.hnlens.com
金石亚药,www.goldstone-group.com
中泰股份,www.zhongtaihangzhou.com
广生堂,www.cosunter.com
清水源,www.qywt.com.cn
鹏辉能源,www.greatpower.net
美康生物,www.nbmedicalsystem.com
运达科技,www.yd-tec.com
鲍斯股份,www.cnbaosi.com
普丽盛,www.cn-pls.com
金雷股份,www.jinleiwind.com
双杰电气,www.sojoline.com
康斯特,www.constgroup.com
ST乐凯,maginfo.luckyfilm.com.cn
全信股份,www.qx-kj.com
浩云科技,www.haoyuntech.com
汉邦高科,www.hbgk.net
先导智能,www.leadchina.cn
创业慧康,www.bsoft.com.cn
山河药辅,www.shanhe01.com
三鑫医疗,www.sanxin-med.com
深信服,www.sangfor.com.cn
康拓红外,www.cchbds.com.cn
赛微电子,www.smeiic.com
赢合科技,www.yhwins.com
全志科技,www.allwinnertech.com
金科文化,www.jinkeculture.com
惠伦晶体,www.dgylec.com
田中精机,www.tanac.com.cn
华铭智能,www.hmmachine.com
迈克生物,www.maccura.com
星徽精密,www.sh-abc.cn
高伟达,www.git.com.cn
赛摩智能,www.saimo.cn
迅游科技,www.xunyou.com
四方精创,www.formssi.com
信息发展,www.cesgroup.com.cn
中密控股,www.sns-china.com
厚普股份,www.hqhop.com
新元科技,www.newu.com.cn
德尔股份,www.dare-auto.com
景嘉微,www.jingjiamicro.com
聚隆科技,www.ahjlcd.com
胜宏科技,www.shpcb.com
合纵科技,www.hezong-tech.com
杭州高新,www.gxsl.com
神思电子,www.sdses.com
光力科技,www.gltech.cn
濮阳惠成,www.huichengchem.com
万孚生物,www.wondfo.com.cn
沃施股份,www.worthgarden.com
蓝海华腾,www.v-t.net.cn
赛升药业,www.ssyy.com.cn
东杰智能,www.omhgroup.com
蓝晓科技,www.sunresin.com
恒锋工具,www.esttools.com
中飞股份,www.zfgf.cc
华自科技,www.cshnac.com
通合科技,www.sjzthdz.com
华图山鼎,www.cendes-arch.com
润欣科技,www.fortune-co.com
盛天网络,www.shengtian.com
美尚生态,www.misho.com.cn
中科创达,www.thundersoft.com
富祥药业,www.fushine.cn
温氏股份,www.wens.com.cn
高澜股份,www.goaland.com.cn
启迪设计,www.tusdesign.com
海顺新材,www.haishungroup.com
新易盛,www.eoptolink.com
昊志机电,www.haozhihs.com
天邑股份,www.tianyisc.com
川金诺,www.cjnphos.com
名家汇,www.minkave.com
维宏股份,www.weihong.com.cn
新美星,www.newamstar.com
金冠股份,www.jljgdq.cn
雪榕生物,www.xuerong.com
中亚股份,www.zhongyagroup.com
恒实科技,www.techstar.com.cn
友讯达,www.friendcom.com
三德科技,www.sandegroup.com
久之洋,www.hbjir.com
海波重科,www.haiod.com
盛讯达,www.gamexun.com
新光药业,www.xgpharma.com
科大国创,www.kdgcsoft.com
爱司凯,www.amsky.cc
世名科技,www.smcolor.com.cn
辰安科技,www.gsafety.com
博思软件,www.bosssoft.com.cn
中潜股份,www.china-dive.com
中船应急,www.china-huazhou.com
幸福蓝海,www.omnijoi.com
健帆生物,www.jafron.com
达志科技,www.dazhitech.com
优博讯,www.urovo.com
今天国际,www.nti56.com
冰川网络,www.q1.com
陇神戎发,www.lsrfzy.com
达威股份,www.dowellchem.cn
农尚环境,www.nusunlandscape.com
广信材料,www.kuangshun.com
同益股份,www.tongyiplastic.com
横河模具,www.mouldcenter.com
深冷股份,www.chengduair.com
先进数通,www.adtec.com.cn
新晨科技,www.brilliance.com.cn
朗科智能,www.longood.com
联得装备,www.liande-china.com
雄帝科技,www.xiongdi.cn
川环科技,www.chuanhuan.com
博创科技,www.broadex-tech.com
优德精密,www.jouder.com
和仁科技,www.herenit.com
古鳌科技,www.gooao.cn
万集科技,www.wanji.net.cn
集智股份,www.zjjizhi.com
三超新材,www.diasc.com.cn
路通视信,www.lootom.com
丝路视觉,www.silkroadcg.com
理工光科,www.wutos.com
贝达药业,www.bettapharma.com
佳发教育,www.jf-r.com
中富通,www.zftii.com
汇金科技,www.sgsg.cc
乐心医疗,www.lifesense.com
神宇股份,www.shenyucable.com
筑博设计,www.zhubo.com
科信技术,www.szkexin.com.cn
激智科技,www.excitontech.cn
精测电子,www.wuhanjingce.com
星源材质,www.senior798.com
天能重工,www.qdtnp.com
太辰光,www.china-tscom.com
平治信息,www.anysoft.cn
安车检测,www.anche.cn
兴齐眼药,www.sinqi.com
中旗股份,www.flagchem.com
容大感光,www.szrd.com
开润股份,www.korrun.com
会畅通讯,www.bizconf.cn
数字认证,www.bjca.cn
贝斯特,www.wuxibest.com
英飞特,cn.inventronics-co.com
赛托生物,www.sitobiotech.com
海辰药业,www.hicin.cn
奥联电子,www.njaolian.com
美联新材,www.malion.cn
天铁股份,www.tiantie.cn
熙菱信息,www.sit.com.cn
江龙船艇,www.jianglong.cn
移为通信,www.queclink.com
万里马,www.wanlima.com.cn
华凯创意,www.huakai.net
新雷能,www.xinleineng.com
朗进科技,www.longertek.com
欧普康视,www.orthok.cn
利安隆,www.rianlon.com
吉大通信,www.jlucdi.com
诚迈科技,www.archermind.com
雄塑科技,www.xiongsu.cn
国瑞科技,www.cn-ruite.com
康泰生物,www.biokangtai.com
飞荣达,www.frd.cn
立昂技术,www.leon.top
长川科技,www.hzcctech.com
恒锋信息,www.i-hengfeng.com
金太阳,www.chinagoldensun.cn
拓斯达,www.topstarltd.com
思特奇,www.si-tech.com.cn
汇纳科技,www.winnerinf.com
晨化股份,www.yzch.cc
美力科技,www.china-springs.com
宣亚国际,www.shunyagroup.com
富瀚微,www.fullhan.com
欣天科技,www.xdc-industries.com
尚品宅配,www.spzp.com
安靠智电,www.ankura.com.cn
寒锐钴业,www.hrcobalt.com
金银河,www.goldenyh.com
光库科技,www.afrlaser.com
维业股份,www.szweiye.com
博士眼镜,www.doctorglasses.com.cn
捷捷微电,www.jjwdz.com
万兴科技,www.wondershare.cn
三雄极光,www.pak.com.cn
华瑞股份,www.hrdq.cn
华测导航,www.huace.cn
亿联网络,www.yealink.com.cn
新劲刚,www.king-strong.com
普利制药,www.hnpoly.com
久吾高科,www.jiuwu.com
光莆股份,www.goproled.cn
开立医疗,www.sonoscape.com
彩讯股份,www.richinfo.cn
中达安,www.sino-daan.com
同和药业,www.jxsynergy.com
扬帆新材,www.zjyfxc.com
广和通,www.fibocom.com.cn
凯普生物,www.hybribio.cn
德艺文创,www.fz-profit.com
正丹股份,www.zhengdanchem.com
透景生命,www.tellgen.com
万通智控,www.hamaton.com.cn
南京聚隆,www.njjulong.cn
正元智慧,www.hzsun.com
超频三,www.pccooler.cn
星云股份,www.e-nebula.com
杭州园林,www.hzyly.com
太龙照明,www.tecnon.net
金陵体育,www.jlsports.com
雷迪克,www.radical.cn
正海生物,www.zhbio.com
世纪天鸿,www.sjthedu.com
晶瑞股份,www.jingrui-chem.com.cn
民德电子,www.mindeo.cn
弘信电子,www.fpc98.com
延江股份,www.yanjan.com
中孚信息,www.zhongfu.net
江苏雷利,www.czleili.com
圣邦股份,www.sg-micro.com
科锐国际,www.careerintlinc.com
科蓝软件,www.csii.com.cn
鹏鹞环保,www.penyao.com.cn
飞鹿股份,www.zzfeilu.com
江丰电子,www.kfmic.com
必创科技,www.beetech.cn
杰恩设计,www.jaid.cn
沪宁股份,www.hzhuning.com
大烨智能,www.daybright.cn
富满电子,www.superchip.cn
国科微,www.goke.com
佩蒂股份,www.peidibrand.com
宇信科技,www.yusys.com.cn
建科院,www.szibr.com
华大基因,www.bgi.com
英科医疗,www.intcomedical.com.cn
中科信息,www.casit.com.cn
电连技术,www.ectsz.com
隆盛科技,www.china-lsh.com
英搏尔,www.in-powercar.com
朗新科技,www.longshine.com
海特生物,www.hiteck.com.cn
中石科技,www.jones-corp.com
艾德生物,www.amoydx.com
智动力,www.szcdl.com
赛意信息,www.chinasie.com
创业黑马,www.iheima.com
澄天伟业,www.ctwygroup.com
双一科技,www.shuangyitec.com
联合光电,www.union-optech.com
中环环保,www.ahzhhb.cn
盛弘股份,www.sinexcel.com
蠡湖股份,www.chinalihu.com
兆丰股份,www.hzfb.com
爱乐达,www.cdald.com
电工合金,www.cn-dghj.com
万马科技,www.wanma-tech.cn
光威复材,www.gwcfc.com
岱勒新材,www.dialine.cn
森霸传感,www.nysenba.com
天宇股份,www.tianyupharm.com
创源文化,www.cre8direct.net
九典制药,www.hnjiudian.com
阿石创,www.acetron.com.cn
威唐工业,www.vt-ind.com
聚灿光电,www.focuslightings.com
精研科技,www.jsgian.com
万隆光电,www.prevail-catv.com
广哈通信,www.ghtchina.com
永福股份,www.fjyfdl.com
英可瑞,www.szincrease.com
凯伦股份,www.canlon.com.cn
国立科技,www.guoligroup.com.cn
华信新材,www.huaxinchina.cc
长盛轴承,www.csb.com.cn
安达维尔,www.andawell.com
海川智能,www.highdream.cn
怡达股份,www.yidachem.com
新余国科,www.jx9394.com
一品红,www.gdyph.com
捷佳伟创,www.chinasc.com.cn
药石科技,www.pharmablock.com
宏达电子,www.hongdacap.com.cn
润禾材料,www.chinarunhe.com
乐歌股份,www.loctek.com
科创信息,www.chinacreator.com
科创新源,www.cotran.cn
设研院,www.hnrbi.com
西菱动力,www.xlqp.com
光弘科技,www.dbg.com.cn
百邦科技,www.bybon.com
科顺股份,www.keshun.com.cn
奥飞数据,www.ofidc.com
明阳电路,www.sunshinepcb.com
御家汇,www.yujiahui.com
华宝股份,www.hbflavor.com
越博动力,www.yuebooemt.com
天地数码,www.todaytec.com.cn
欣锐科技,www.shinry.com
汉嘉设计,www.cnhanjia.com
锐科激光,www.raycuslaser.com
金力永磁,www.jlmag.com.cn
顶固集创,www.dinggu.net
宁德时代,www.catlbattery.com
迈为股份,www.maxwell-gp.com
隆利科技,www.blbgy.com
爱朋医疗,www.apon.com.cn
华致酒行,www.vatsliquor.com
中山金马,www.jinmabrand.com
罗博特科,www.robo-technik.com
七彩化学,www.hifichem.com
康龙化成,www.pharmaron.com
迈瑞医疗,www.mindray.com
立华股份,www.lihuamuye.com
上海瀚讯,www.jushri.com
锦浪科技,www.ginlong.com
新诺威,www.xnwpharma.net
每日互动,www.ge.cn
震安科技,www.ynzajz.com
迪普科技,www.dptech.com
德方纳米,www.dynanonic.com
新媒股份,www.snm.gd.cn
智莱科技,www.szzhilai.com
运达股份,www.chinawindey.com
拉卡拉,www.lakala.com
三角防务,www.400mn.com
帝尔激光,www.drlaser.com.cn
中简科技,www.sinofibers.com.cn
新城市,www.nlt.com.cn
惠城环保,www.hcpect.com
德恩精工,www.cpt-world.com
因赛集团,www.gdinsight.com
卓胜微,www.maxscend.com
三只松鼠,www.3songshu.com
值得买,www.smzdm.com
国林科技,www.china-guolin.com
海能实业,www.ce-link.com.cn
中信出版,press.citic
唐源电气,www.cdtye.com
宇瞳光学,www.ytot.cn
仙乐健康,www.siriopharma.com
壹网壹创,www.topwinchance.com
佳禾智能,www.cosonic.cc
米奥会展,www.meorient.com
贝斯美,www.bsmchem.com
钢研纳克,www.ncschina.com
锦鸡股份,www.jinjidyes.com
力合科技,www.lihero.com
泰和科技,www.thwater.com
矩子科技,www.jutze.com.cn
指南针,www.compass.cn
电声股份,www.brandmax.com.cn
斯迪克,www.sidike.com
天迈科技,www.tiamaes.com
久量股份,www.dpled.com
华辰装备,www.hiecise.com
铂科新材,www.pocomagnetic.com
易天股份,www.etmade.com
泰林生物,www.tailingood.com
玉禾田,www.eit-sz.com
艾可蓝,www.act-blue.com
双飞股份,www.sf-bearing.com
耐普矿机,www.naipu.com.cn
聚杰微纤,www.jujie.com
英杰电气,www.injet.cn
东岳硅材,www.dyyjg.com
贝仕达克,www.szbtk.com
建科机械,www.tjkmachinery.com
北鼎股份,www.buydeem.com
阿尔特,www.iat-auto.com
测绘股份,www.njcky.com/index.html
上能电气,www.si-neng.com
锐新科技,www.ruixin-eht.com
金丹科技,www.hnjindan.com
金现代,www.jxdinfo.com
派瑞股份,www.chinaxaperi.com
新产业,www.snibe.com
浩洋股份,www.terbly.com
龙磁科技,www.sinomagtech.com
佰奥智能,www.kstopa.com.cn
浙矿股份,www.cnzkzg.com
浙江力诺,www.linuovalve.com
博汇股份,www.bhpcc.com
酷特智能,www.kutesmart.com
康华生物,www.kangh.com
帝科股份,www.dkem.cn
胜蓝股份,www.jctc.com.cn
捷安高科,www.jantech.cn
首都在线,www.capitalonline.net
中船汉光,www.hg-oa.com
美瑞新材,www.miracll.com
锦盛新材,www.zj-jinsheng.com
新强联,www.lyxqlbearing.com.cn
交大思诺,www.jd-signal.com
四会富仕,www.fujipcb.cn
申昊科技,www.shenhaoinfo.com
图南股份,www.toland-alloy.com
科思股份,www.cosmoschem.com
协创数据,www.sharetronic.com
科拓生物,www.scitop.cn
西域旅游,www.xylygf.com
锋尚文化,www.fssjart.com
美畅股份,www.ylmetron.com
蓝盾光电,www.ldchina.cn
卡倍亿,www.nbkbe.com
南大环境,www.njuae.cn
大宏立,www.dhljq.com
安克创新,www.anker-in.com
圣元环保,www.chinasyep.com
杰美特,www.jamepda.com
康泰医学,www.contecmed.com.cn
欧陆通,www.honor-cn.com
回盛生物,www.whhsyy.com
天阳科技,www.tansun.com.cn
海晨股份,www.hichain.com
捷强装备,www.tjjqdl.com
蒙泰高新,www.gdguangdong.com
金春股份,www.czjinchun.com
维康药业,www.zjwk.com
大叶股份,www.dayepower.com
迦南智能,www.nbjianan.com
盛德鑫泰,www.shengdechina.com
万胜智能,www.wellsun.com
龙利得,www.llddl.com
狄耐克,www.dnake.com
海昌新材,www.seashinepm.com
华业香料,www.anhuihuaye.com
谱尼测试,www.ponytest.com
稳健医疗,www.winnermedical.com
爱克股份,www.exc-led.com
翔丰华,www.xiangfenghua.com
惠云钛业,www.gdtitanium.com
品渥食品,www.pinlive.com
松原股份,www.songyuansafety.com
铜牛信息,www.topnewinfo.cn
爱美客,www.imeik.net
山科智能,www.seck.com.cn
熊猫乳品,www.pandadairy.com
上海凯鑫,www.keysino.cn
广联航空,www.guanglianhangkong.com
中胤时尚,www.zoenn.com
国安达,www.gad5119.com
科翔股份,www.gdkxpcb.com
宝丽迪,www.ppm-sz.cn
日月明,www.rym.com.cn
康平科技,www.chinakangping.com
汇创达,www.hcdtechnology.com
金龙鱼,www.yihaikerry.net.cn